PMC ID,Sequence,Antibacterial,Mechanism,gram,Length (number of amino acids),Molecular Weight (Daltons),Net Charge,Charge,Charge Density (Charge/Dalton),Instability Index,Aromaticity,Aliphatic Index,Boman Index (kcal/mol),Isoelectric Point (pH),Hydrophobic Ratio,Percent A,Percent R,Percent N,Percent D,Percent C,Percent E,Percent Q,Percent G,Percent H,Percent I,Percent L,Percent K,Percent M,Percent F,Percent P,Percent S,Percent T,Percent W,Percent Y,Percent V
PMC6705042,LLGDFFRKSKEKIGKEFKRIVQRIKDFLRNLVPRTES,1,Pore ,-,37,4493.2629,5.764730516,6.002415876,0.001282972,23.34324324,0.108108108,89.45945946,3,10.60525875,-0.724324324,0,0.135135135,0.027027027,0.054054054,0,0.081081081,0.027027027,0.054054054,0,0.081081081,0.108108108,0.162162162,0,0.108108108,0.027027027,0.054054054,0.027027027,0,0,0.054054054
PMC6705042,SLGNFFRKARKKIGEEFKRIVQRIKDFLQHLIPRTEA,1,Pore,-,37,4471.2192,5.55182779,6.093173517,0.001241681,17.17297297,0.108108108,87.02702703,2.809459459,11.00006313,-0.681081081,0.054054054,0.135135135,0.027027027,0.027027027,0,0.081081081,0.054054054,0.054054054,0.027027027,0.108108108,0.081081081,0.135135135,0,0.108108108,0.027027027,0.027027027,0.027027027,0,0,0.027027027
PMC6705042,GIGKFLHSAGKFGKAFVGEIMKS,1,Pore ,-,23,2409.8459,2.84609026,3.089488378,0.001181026,-3.795652174,0.130434783,72.17391304,0.089565217,10.0013834,0.217391304,0.086956522,0,0,0,0,0.043478261,0,0.217391304,0.043478261,0.086956522,0.043478261,0.173913043,0.043478261,0.130434783,0,0.086956522,0,0,0,0.043478261
PMC6705042,GFFALIPKIISSPLFKTLLSAVGSALSSSGDQE,1,Pore ,-,33,3381.8667,-0.232727885,-0.000384161,-6.88E-05,35.78484848,0.090909091,112.4242424,-0.062121212,6.24543438,0.651515152,0.090909091,0,0,0.03030303,0,0.03030303,0.03030303,0.090909091,0,0.090909091,0.151515152,0.060606061,0,0.090909091,0.060606061,0.212121212,0.03030303,0,0,0.03030303
PMC6705042,KWKLFKKIEKVGQNIRDGIIKAGPAVAVVGQATQIAK,1,Pore,-,37,4004.7658,5.75702983,5.998137358,0.001437545,16.52432432,0.054054054,108.1081081,0.846756757,10.39103031,-0.072972973,0.135135135,0.027027027,0.027027027,0.027027027,0,0.027027027,0.081081081,0.108108108,0,0.135135135,0.027027027,0.189189189,0,0.027027027,0.027027027,0,0.027027027,0.027027027,0,0.108108108
PMC6705042,VFQFLGKIIHHVGNFVHGFSHVF,1,Pore,-,23,2667.0736,1.081686142,1.361325629,0.00040557,-14.15652174,0.217391304,101.3043478,-0.385652174,8.751019096,0.77826087,0,0,0.043478261,0,0,0,0.043478261,0.130434783,0.173913043,0.086956522,0.043478261,0.043478261,0,0.217391304,0,0.043478261,0,0,0,0.173913043
PMC7503749,TLISWIKNKRKQRPRVSRRRRRRGGRRRR,1,"Biofilm destruction, Pore",-,29,3786.4681,15.39506959,15.99705615,0.004065813,204.3103448,0.034482759,50.34482759,7.212068966,11.99996777,-2.268965517,0,0.448275862,0.034482759,0,0,0,0.034482759,0.068965517,0,0.068965517,0.034482759,0.103448276,0,0,0.034482759,0.068965517,0.034482759,0.034482759,0,0.034482759
PMC7503749,KNKRKRRRRRRGGRRRR,1,"Biofilm destruction, Pore",-,17,2348.7801,13.75699461,13.99706277,0.005857081,333.5117647,0,0,10.91352941,11.99996777,-3.852941176,0,0.647058824,0.058823529,0,0,0,0,0.117647059,0,0,0,0.176470588,0,0,0,0,0,0,0,0
PMC6566986,RRRGRRRGPPGRRRGRRR,1,Pore,+,18,2314.6793,11.75998162,11.99794456,0.005080609,260.5722222,0,0,9.737777778,11.99996777,-3.266666667,0,0.666666667,0,0,0,0,0,0.222222222,0,0,0,0,0,0,0.111111111,0,0,0,0,0
PMC4942614,RWWRWWRRWWRR,1,Membrane disruption,-,12,2072.3889,5.760041615,5.997964432,0.002779421,247.8333333,0.5,0,6.295,11.99996777,-2.7,0,0.5,0,0,0,0,0,0,0,0,0,0,0,0,0,0,0,0.5,0,0
PMC7892433,KSKTEYYNAWAVWERNAPC,1,Pore,-,19,2316.549,0.751815544,0.937265622,0.000324541,30.85789474,0.210526316,31.05263158,2.303157895,8.155137825,-1.142105263,0.157894737,0.052631579,0.105263158,0,0.052631579,0.105263158,0,0,0,0,0,0.105263158,0,0,0.052631579,0.052631579,0.052631579,0.105263158,0.105263158,0.052631579
PMC7892433,GNGEQREMAVSRLRDCLDRQA,1,Pore,-,21,2404.6427,-0.24197693,-0.059560448,-0.000100629,42.87619048,0,60.47619048,4.230952381,6.208545876,-1.157142857,0.095238095,0.19047619,0.047619048,0.095238095,0.047619048,0.095238095,0.095238095,0.095238095,0,0,0.095238095,0,0.047619048,0,0,0.047619048,0,0,0,0.047619048
PMC8348142,FIGAIARLLSKIF,1,"Pore, Biofilm destruction",-,13,1448.7933,1.759092613,1.997685954,0.001214178,-3.830769231,0.153846154,165.3846154,-0.865384615,11.00083675,1.592307692,0.153846154,0.076923077,0,0,0,0,0,0.076923077,0,0.230769231,0.153846154,0.076923077,0,0.153846154,0,0.076923077,0,0,0,0
PMC6255091,KWKLFKKIGAVLKVL,1,Torroidal pore,,15,1771.2821,4.755106609,4.99650913,0.002684556,-28.98666667,0.133333333,149.3333333,-0.538,10.60248661,0.54,0.066666667,0,0,0,0,0,0,0.066666667,0,0.066666667,0.2,0.333333333,0,0.066666667,0,0,0,0.066666667,0,0.133333333
PMC6255091,KWKLKFKIGLVKLVAV,1,Torroidal pore,,16,1870.4131,4.755106609,4.99650913,0.002542276,-23.04375,0.125,158.125,-0.756875,10.60248661,0.76875,0.0625,0,0,0,0,0,0,0.0625,0,0.0625,0.1875,0.3125,0,0.0625,0,0,0,0.0625,0,0.1875
PMC4648102,GLFDIIKKIAESF,1,Carpet,,13,1480.7458,-0.237965165,-0.000384161,-0.000160706,20.47692308,0.153846154,127.6923077,0.126153846,6.069006157,0.669230769,0.076923077,0,0,0.076923077,0,0.076923077,0,0.076923077,0,0.230769231,0.076923077,0.153846154,0,0.153846154,0,0.076923077,0,0,0,0
PMC8523948,SPAGRNSRRRRCRFCCGCCPDMVGCGTCCKF,1,Membrane permeability,-,31,3431.0816,5.381000299,5.502318154,0.00156831,93.99354839,0.064516129,12.58064516,2.956129032,9.190177727,-0.370967742,0.032258065,0.193548387,0.032258065,0.032258065,0.258064516,0,0,0.129032258,0,0,0,0.032258065,0.032258065,0.064516129,0.064516129,0.064516129,0.032258065,0,0,0.032258065
PMC8523948,RRRRCRFCC,1,Membrane permeability,-,9,1255.5463,4.730348644,4.812043595,0.003767562,199.8222222,0.111111111,0,7.531111111,11.40434437,-1.355555556,0,0.555555556,0,0,0.333333333,0,0,0,0,0,0,0,0,0.111111111,0,0,0,0,0,0
PMC10610086,IWSFLIKAATKLLPSLFGGGKKDS,1,Torroidal pore,-,24,2578.0557,2.757226371,2.997250648,0.001069498,33.32916667,0.125,105.8333333,-0.023333333,10.0013834,0.3125,0.083333333,0,0,0.041666667,0,0,0,0.125,0,0.083333333,0.166666667,0.166666667,0,0.083333333,0.041666667,0.125,0.041666667,0.041666667,0,0
PMC7412451,KFLKKAKKFGKAFVKIL,1,Pore,+,17,1994.5537,6.753108607,6.995919062,0.003385774,4.064705882,0.176470588,97.64705882,0.385294118,10.77842083,0.035294118,0.117647059,0,0,0,0,0,0,0.058823529,0,0.058823529,0.117647059,0.411764706,0,0.176470588,0,0,0,0,0,0.058823529
PMC7412451,GIGKFLKKAKKFGKAFVKILKK,1,Pore,+,22,2478.1585,8.751110605,8.995328995,0.003531296,-6.163636364,0.136363636,93.18181818,0.493181818,10.90329609,-0.159090909,0.090909091,0,0,0,0,0,0,0.136363636,0,0.090909091,0.090909091,0.409090909,0,0.136363636,0,0,0,0,0,0.045454545
PMC8004669,VDKGSYRPRPTPPKPIYNRN,1,Membrane disruption,,20,2355.6531,3.731083147,3.996129954,0.001583885,12.56,0.1,34,3.7105,10.43299923,-1.78,0,0.15,0.1,0.05,0,0,0,0.05,0,0.05,0,0.1,0,0,0.25,0.05,0.05,0,0.1,0.05
PMC10823733,VYAYVRVRGVLVRYRRC,1,Pore ,+,17,2128.5481,4.721040397,4.933441784,0.002217963,33.22352941,0.176470588,114.1176471,2.698235294,10.88685665,0.135294118,0.058823529,0.294117647,0,0,0.058823529,0,0,0.058823529,0,0,0.058823529,0,0,0,0,0,0,0,0.176470588,0.294117647
PMC9415903,YGRKKRRQRRR,1,Pore,,11,1559.8278,7.757044612,7.99652395,0.004973013,204.7363636,0.090909091,0,9.578181818,11.99996777,-3.636363636,0,0.545454545,0,0,0,0,0.090909091,0.090909091,0,0,0,0.181818182,0,0,0,0,0,0,0.090909091,0
PMC9415903,KILRGVSKKIMRTFLRRISKDILTGKK,1,Pore,,27,3186.9483,8.75518837,8.996647335,0.002747201,45.43333333,0.037037037,111.8518519,2.516666667,11.99996777,-0.385185185,0,0.148148148,0,0.037037037,0,0,0,0.074074074,0,0.148148148,0.111111111,0.222222222,0.037037037,0.037037037,0,0.074074074,0.074074074,0,0,0.037037037
PMC9415903,LRRISKDILTGKK,1,Pore,,13,1527.8539,3.758205372,3.997539059,0.002459794,69.86153846,0,120,3.12,11.09715252,-0.730769231,0,0.153846154,0,0.076923077,0,0,0,0.076923077,0,0.153846154,0.153846154,0.230769231,0,0,0,0.076923077,0.076923077,0,0,0
PMC8034185,GIVAWFWRLAR,1,Membrane disruption,+,11,1374.6336,1.760081614,1.997977677,0.001280401,-6.345454545,0.272727273,115.4545455,0.341818182,11.99996777,0.7,0.181818182,0.181818182,0,0,0,0,0,0.090909091,0,0.090909091,0.090909091,0,0,0.090909091,0,0,0,0.181818182,0,0.090909091
PMC9952790,YSLQMGATAIKQVKKLFKKKGG,1,Carpet,+/-,22,2424.9452,5.753108607,5.995363682,0.00237247,13.71363636,0.090909091,75.45454545,0.905454545,10.39831524,-0.445454545,0.090909091,0,0,0,0,0,0.090909091,0.136363636,0,0.045454545,0.090909091,0.272727273,0.045454545,0.045454545,0,0.045454545,0.045454545,0,0.045454545,0.045454545
PMC9952790,KAVKKLFKKWG,1,Carpet,+/-,11,1332.6783,4.755106609,4.99650913,0.003568083,-24.33636364,0.181818182,70.90909091,0.975454545,10.60248661,-0.745454545,0.090909091,0,0,0,0,0,0,0.090909091,0,0,0.090909091,0.454545455,0,0.090909091,0,0,0,0.090909091,0,0.090909091
PMC2614469,RGGRLCYCRRRFCVCVGR,1,Pore,,18,2160.6216,5.719438653,5.749215154,0.002647126,62.13333333,0.111111111,53.88888889,3.652222222,10.66321583,-0.25,0,0.333333333,0,0,0.222222222,0,0,0.166666667,0,0,0.055555556,0,0,0.055555556,0,0,0,0,0.055555556,0.111111111
PMC9358902,KKVVFWVKFK,1,Pore,,10,1308.655,3.75610561,3.996804164,0.002870203,-25.89,0.3,87,0.179,10.47774029,0.17,0,0,0,0,0,0,0,0,0,0,0,0.4,0,0.2,0,0,0,0.1,0,0.3
PMC8107365,KKLFKKILKYL,1,Membrane disruption,+/-,11,1421.8542,4.754107608,4.995658716,0.003343597,-10.21818182,0.181818182,141.8181818,0.475454545,10.30154819,-0.190909091,0,0,0,0,0,0,0,0,0,0.090909091,0.272727273,0.454545455,0,0.090909091,0,0,0,0,0.090909091,0
PMC8107365,GIGKFLHSAKKFGKAFVGEIMNS,1,Pore,+/-,23,2466.8972,2.84609026,3.089488378,0.001153713,-0.104347826,0.130434783,72.17391304,0.419130435,10.0013834,0.082608696,0.086956522,0,0.043478261,0,0,0.043478261,0,0.173913043,0.043478261,0.086956522,0.043478261,0.173913043,0.043478261,0.130434783,0,0.086956522,0,0,0,0.043478261
PMC8107365,GMASKAGAIAGKIAKVALKAL,1,Pore,+/-,21,1969.4384,3.75610561,3.996804164,0.001907196,-4.814285714,0,121.4285714,-0.76,10.47774029,0.842857143,0.333333333,0,0,0,0,0,0,0.142857143,0,0.095238095,0.095238095,0.19047619,0.047619048,0,0,0.047619048,0,0,0,0.047619048
PMC8107365,KLALKLALKALKAALKLA,1,Pore,+/-,18,1877.4474,4.755106609,4.99650913,0.002532751,-23.57222222,0,185,-0.975,10.60248661,0.994444444,0.333333333,0,0,0,0,0,0,0,0,0,0.388888889,0.277777778,0,0,0,0,0,0,0,0
PMC8107365,KIAGKIAKIAGKIAKIAGKIA,1,Pore,+/-,21,2063.616,5.754107608,5.996214096,0.002788362,-26.86190476,0,140,-0.471428571,10.69931812,0.628571429,0.285714286,0,0,0,0,0,0,0.142857143,0,0.285714286,0,0.285714286,0,0,0,0,0,0,0,0
PMC6500437,LLGDFFRKSKEKIGKEFKRIVQRIKDFLRNLVPRTES,1,"Carpet, barrel-stave, torroidal pore",,37,4493.2629,5.764730516,6.002415876,0.001282972,23.34324324,0.108108108,89.45945946,3,10.60525875,-0.724324324,0,0.135135135,0.027027027,0.054054054,0,0.081081081,0.027027027,0.054054054,0,0.081081081,0.108108108,0.162162162,0,0.108108108,0.027027027,0.054054054,0.027027027,0,0,0.054054054
PMC2748101,FVQWFSKFLGRIL,1,"Barrel-stave, torroidal pore",+,13,1640.9662,1.759092613,1.997685954,0.001071986,24.04615385,0.307692308,112.3076923,-0.123076923,11.00083675,0.823076923,0,0.076923077,0,0,0,0,0.076923077,0.076923077,0,0.076923077,0.153846154,0.076923077,0,0.230769231,0,0.076923077,0,0.076923077,0,0.076923077
PMC2748101,KNLRRIIRKIIHIIKKYG,1,Carpet,+,18,2262.8312,6.842250798,7.086852907,0.003023757,69.08333333,0.055555556,151.6666667,2.39,11.75427876,-0.372222222,0,0.166666667,0.055555556,0,0,0,0,0.055555556,0.055555556,0.333333333,0.055555556,0.222222222,0,0,0,0,0,0,0.055555556,0
PMC2748101,ALWKTLLKKVLKAAAK,1,Carpet,+,16,1782.2636,4.790879583,4.99650913,0.002688087,8.25625,0.0625,140.625,-0.185625,10.60261555,0.34375,0.25,0,0,0,0,0,0,0,0,0,0.25,0.3125,0,0,0,0,0.0625,0.0625,0,0.0625
PMC11055889,KKLFKKILKYL,1,Carpet,+/-,11,1421.8542,4.754107608,4.995658716,0.003343597,-10.21818182,0.181818182,141.8181818,0.475454545,10.30154819,-0.190909091,0,0,0,0,0,0,0,0,0,0.090909091,0.272727273,0.454545455,0,0.090909091,0,0,0,0,0.090909091,0
PMC11055889,RPKPQQFFGLM,1,Carpet,,11,1348.6146,1.759092613,1.997685954,0.00130437,47.90909091,0.181818182,35.45454545,1.58,11.00083675,-0.7,0,0.090909091,0,0,0,0,0.181818182,0.090909091,0,0,0.090909091,0.090909091,0.090909091,0.181818182,0.181818182,0,0,0,0,0
PMC11055889,SLLSLIRKLIT,1,Carpet,,11,1256.5774,1.459137458,1.997685954,0.0011612,1.372727273,0,212.7272727,0.029090909,11.00019207,1.227272727,0,0.090909091,0,0,0,0,0,0,0,0.181818182,0.363636364,0.090909091,0,0,0,0.181818182,0.090909091,0,0,0
PMC11055889,FVQWFSKFLGRIL,1,Carpet,,13,1640.9662,1.759092613,1.997685954,0.001071986,24.04615385,0.307692308,112.3076923,-0.123076923,11.00083675,0.823076923,0,0.076923077,0,0,0,0,0.076923077,0.076923077,0,0.076923077,0.153846154,0.076923077,0,0.230769231,0,0.076923077,0,0.076923077,0,0.076923077
PMC6418133,FLPKLFAKITKKNMAHIR,1,Pore,+/-,18,2156.681,4.843269799,5.087709944,0.002245705,37.26111111,0.111111111,97.77777778,1.076666667,11.33375149,-0.077777778,0.111111111,0.055555556,0.055555556,0,0,0,0,0,0.055555556,0.111111111,0.111111111,0.222222222,0.055555556,0.111111111,0.055555556,0,0.055555556,0,0,0
PMC6418133,CFLPKLFAKITKKNMAHIR,1,Pore,,19,2259.8239,4.833368808,5.025735228,0.002138825,35.82631579,0.105263158,92.63157895,0.952631579,10.479352,0.057894737,0.105263158,0.052631579,0.052631579,0,0.052631579,0,0,0,0.052631579,0.105263158,0.105263158,0.210526316,0.052631579,0.105263158,0.052631579,0,0.052631579,0,0,0
PMC6418133,FLPKLFAKITKKNMAHIRC,1,Pore,,19,2259.8239,4.833368808,5.025735228,0.002138825,35.82631579,0.105263158,92.63157895,0.952631579,10.479352,0.057894737,0.105263158,0.052631579,0.052631579,0,0.052631579,0,0,0,0.052631579,0.105263158,0.105263158,0.210526316,0.052631579,0.105263158,0.052631579,0,0.052631579,0,0,0
PMC7355828,GIIAGIIIKIKK,1,Pore,+/-,12,1266.6583,2.757104611,2.997099198,0.002176676,-26.20833333,0,203.3333333,-1.38,10.30206394,1.358333333,0.083333333,0,0,0,0,0,0,0.166666667,0,0.5,0,0.25,0,0,0,0,0,0,0,0
PMC7355828,KRRFFRRK,1,Pore,+/-,8,1193.4503,5.758063613,5.997380986,0.00482472,192.7,0.25,0,8.1025,11.99996777,-2.525,0,0.5,0,0,0,0,0,0,0,0,0,0.25,0,0.25,0,0,0,0,0,0
PMC7355828,KRWHWWRRHWVVW,1,Pore,+/-,13,2018.3348,3.93342099,4.179497513,0.001948845,144.5,0.384615385,44.61538462,3.069230769,11.99996777,-1.530769231,0,0.230769231,0,0,0,0,0,0,0.153846154,0,0,0.076923077,0,0,0,0,0,0.384615385,0,0.153846154
PMC7355828,GKIIKLKASLKLL,1,Non-lytic,,13,1424.8566,3.75610561,3.996804164,0.002636129,-36.48461538,0,187.6923077,-0.513076923,10.47774029,0.707692308,0.076923077,0,0,0,0,0,0,0.076923077,0,0.153846154,0.307692308,0.307692308,0,0,0,0.076923077,0,0,0,0
PMC7355828,VKVKVRVKVPPTKVKVRVKV,1,Electrostatic interaction membrane disruption,,20,2286.9338,7.727974384,7.996207474,0.003379186,-3.91,0,130.5,1.4675,11.99996777,0.075,0,0.1,0,0,0,0,0,0,0,0,0,0.3,0,0,0.1,0,0.05,0,0,0.45
PMC7355828,LLGDFFRKSKEKIGKEFKRIVQRIKDFLRNLVPRTES,1,,,37,4493.2629,5.764730516,6.002415876,0.001282972,23.34324324,0.108108108,89.45945946,3,10.60525875,-0.724324324,0,0.135135135,0.027027027,0.054054054,0,0.081081081,0.027027027,0.054054054,0,0.081081081,0.108108108,0.162162162,0,0.108108108,0.027027027,0.054054054,0.027027027,0,0,0.054054054
PMC7355828,KKVVFWVKFK,1,,,10,1308.655,3.75610561,3.996804164,0.002870203,-25.89,0.3,87,0.179,10.47774029,0.17,0,0,0,0,0,0,0,0,0,0,0,0.4,0,0.2,0,0,0,0.1,0,0.3
PMC7355828,CKRWWKWIRW,1,,+/-,10,1547.8714,3.748182622,3.935412893,0.002421508,156.16,0.4,39,2.542,11.01302128,-1.34,0,0.2,0,0,0.1,0,0,0,0,0.1,0,0.2,0,0,0,0,0,0.4,0,0
PMC8073585,ALNSIIDVYHK,1,,,11,1272.4491,-0.117828465,0.088194426,-9.26E-05,34.98181818,0.090909091,141.8181818,0.772727273,6.787166786,0.236363636,0.090909091,0,0.090909091,0.090909091,0,0,0,0,0.090909091,0.181818182,0.090909091,0.090909091,0,0,0,0.090909091,0,0,0.090909091,0.090909091
PMC8073585,VPLQQNFQDNQFQGK,1,,,15,1790.9289,-0.26588985,-0.00186425,-0.000148465,43.85333333,0.133333333,45.33333333,2.626,5.805898476,-1.353333333,0,0,0.133333333,0.066666667,0,0,0.333333333,0.066666667,0,0,0.066666667,0.066666667,0,0.133333333,0.066666667,0,0,0,0,0.066666667
PMC8073585,ENAGEDPGLAR,1,,,11,1128.1502,-2.159251158,-1.998022282,-0.001913975,19.74545455,0,53.63636364,3.043636364,4.137503624,-1.227272727,0.181818182,0.090909091,0.090909091,0.090909091,0,0.181818182,0,0.181818182,0,0,0.090909091,0,0,0,0.090909091,0,0,0,0,0
PMC8073585,SILLTEQALAK,1,,,11,1186.3982,-0.53804208,-0.000535612,-0.000453509,61.61818182,0,160,0.051818182,5.718195915,0.645454545,0.181818182,0,0,0,0,0.090909091,0.090909091,0,0,0.090909091,0.272727273,0.090909091,0,0,0,0.090909091,0.090909091,0,0,0
PMC8073585,TFVPGCQPGEFTLGNIK,1,,,17,1808.0622,-0.609892935,-0.062510328,-0.000337319,46.31764706,0.117647059,62.94117647,0.337647059,5.662038994,0.023529412,0,0,0.058823529,0,0.058823529,0.058823529,0.058823529,0.176470588,0,0.058823529,0.058823529,0.058823529,0,0.117647059,0.117647059,0,0.117647059,0,0,0.058823529
PMC8073585,SIIGMIDMFHK,1,,,11,1291.5815,-0.452557593,0.089044841,-0.00035039,30.61818182,0.090909091,106.3636364,-0.095454545,6.460569954,0.754545455,0,0,0,0.090909091,0,0,0,0.090909091,0.090909091,0.272727273,0,0.090909091,0.181818182,0.090909091,0,0.090909091,0,0,0,0
PMC8073585,GIGDPVTCLK,1,,,10,1002.1858,-0.249677616,-0.063838966,-0.000249133,22.05,0,107,-0.02,5.82869091,0.45,0,0,0,0.1,0.1,0,0,0.2,0,0.1,0.1,0.1,0,0,0.1,0,0.1,0,0,0.1
PMC8073585,SYNVTSVLFR,1,,,10,1185.3287,0.459137458,0.997130574,0.00038735,0.51,0.2,97,1.509,8.462780952,0.34,0,0.1,0.1,0,0,0,0,0,0,0,0.1,0,0,0.1,0,0.2,0.1,0,0.1,0.2
PMC8073585,CLEQVSQLQGLWR,1,,,13,1559.7878,-0.246998914,-0.062218605,-0.000158354,91.16923077,0.076923077,112.3076923,1.415384615,5.994944954,-0.192307692,0,0.076923077,0,0,0.076923077,0.076923077,0.230769231,0.076923077,0,0,0.230769231,0,0,0,0,0.076923077,0,0.076923077,0,0.076923077
PMC8073585,GISLANWMCLAK,1,,,12,1306.5962,0.749201623,0.93571455,0.0005734,29.23333333,0.083333333,114.1666667,-0.8075,8.222249413,0.883333333,0.166666667,0,0.083333333,0,0.083333333,0,0,0.083333333,0,0.083333333,0.166666667,0.083333333,0.083333333,0,0,0.083333333,0,0.083333333,0,0
PMC8073585,GADVWK,1,,,6,674.7451,-0.239776626,-0.00186425,-0.000355359,-19.96666667,0.166666667,65,0.858333333,5.835682106,-0.45,0.166666667,0,0,0.166666667,0,0,0,0.166666667,0,0,0,0.166666667,0,0,0,0,0,0.166666667,0,0.166666667
PMC8073585,DLYNFLK,1,,,7,912.0398,-0.240775627,-0.002714665,-0.000263997,-25.02857143,0.285714286,111.4285714,1.175714286,5.834943199,-0.257142857,0,0,0.142857143,0.142857143,0,0,0,0,0,0,0.285714286,0.142857143,0,0.142857143,0,0,0,0,0.142857143,0
PMC8073585,IQGTCYR,1,,,7,839.9591,0.749191623,0.935155858,0.000891938,-27.71428571,0.142857143,55.71428571,2.29,8.221991539,-0.485714286,0,0.142857143,0,0,0.142857143,0,0.142857143,0.142857143,0,0.142857143,0,0,0,0,0,0,0.142857143,0,0.142857143,0
PMC8073585,GIINTLQK,1,,,8,886.0474,0.759102613,0.997689266,0.000856729,28.275,0,146.25,0.575,8.750052071,0.1,0,0,0.125,0,0,0,0.125,0.125,0,0.25,0.125,0.125,0,0,0,0,0.125,0,0,0
PMC8073585,ICGYGTAR,1,,,8,839.9591,0.749191623,0.935155858,0.000891938,-23.0875,0.125,61.25,0.9675,8.221991539,0.1875,0.125,0.125,0,0,0.125,0,0,0.25,0,0.125,0,0,0,0,0,0,0.125,0,0.125,0
PMC8073585,WESGYNTR,1,,,8,1012.0332,-0.238096925,-0.001094303,-0.000235266,11.6,0.25,0,3.90125,6.00136776,-1.95,0,0.125,0.125,0,0,0.125,0,0.125,0,0,0,0,0,0,0,0.125,0.125,0.125,0.125,0
PMC8073585,SIIGMIDMFHK,1,,,11,1291.5815,-0.452557593,0.089044841,-0.00035039,30.61818182,0.090909091,106.3636364,-0.095454545,6.460569954,0.754545455,0,0,0,0.090909091,0,0,0,0.090909091,0.090909091,0.272727273,0,0.090909091,0.181818182,0.090909091,0,0.090909091,0,0,0,0
PMC8073585,LLGDFFR,1,,,7,867.0025,-0.238787625,-0.001572528,-0.000275417,-2.2,0.285714286,111.4285714,0.985714286,5.836364174,0.685714286,0,0.142857143,0,0.142857143,0,0,0,0.142857143,0,0,0.285714286,0,0,0.285714286,0,0,0,0,0,0
PMC4938549,GRFKRFRKKFKKLFKKLSPVIPLLHLG,1,Toroidal pore (anionic membrane),+/-,27,3283.0999,9.840252796,10.08681822,0.002997244,21.05555556,0.148148148,97.40740741,1.641111111,11.99996777,-0.366666667,0,0.111111111,0,0,0,0,0,0.074074074,0.037037037,0.037037037,0.185185185,0.259259259,0,0.148148148,0.074074074,0.037037037,0,0,0,0.037037037
PMC7644326,GIGKFLKKAKKFGKAFVKILKK,1,Pore,-,22,2478.1585,8.751110605,8.995328995,0.003531296,-6.163636364,0.136363636,93.18181818,0.493181818,10.90329609,-0.159090909,0.090909091,0,0,0,0,0,0,0.136363636,0,0.090909091,0.090909091,0.409090909,0,0.136363636,0,0,0,0,0,0.045454545
PMC7644326,GSGIGDPVTCLKSGAICHPVFCPRRYKQIGTCGLPGTKCCKKP,1,Electrostatic interaction membrane disruption,-,43,4478.3378,5.782976617,5.715159373,0.001291322,40.78604651,0.046511628,61.1627907,0.916976744,9.303448677,-0.125581395,0.023255814,0.046511628,0,0.023255814,0.139534884,0,0.023255814,0.162790698,0.023255814,0.069767442,0.046511628,0.11627907,0,0.023255814,0.11627907,0.046511628,0.069767442,0,0.023255814,0.046511628
PMC7455913,QRSVSNAATRVCRTGRSRW,1,,+/-,19,2191.4372,4.750150625,4.935993027,0.002167596,91.54210526,0.052631579,41.05263158,4.519473684,11.99996777,-1.057894737,0.105263158,0.263157895,0.052631579,0,0.052631579,0,0.052631579,0.052631579,0,0,0,0,0,0,0,0.157894737,0.105263158,0.052631579,0,0.105263158
PMC3720801,AKKVFKRLEKLFSKIQNDK,1,Pore,+/-,19,2320.7746,4.793801805,4.998432392,0.002065604,0.847368421,0.105263158,82.10526316,2.776842105,10.29535923,-1,0.052631579,0.052631579,0.052631579,0.052631579,0,0.052631579,0.052631579,0,0,0.052631579,0.105263158,0.315789474,0,0.105263158,0,0.052631579,0,0,0,0.052631579
PMC3720801,AKKVFKRLPKLFSKIWNWK,1,"Pore, Ion channel formation",+/-,19,2417.979,6.789870582,6.996210785,0.002808077,16.48947368,0.210526316,82.10526316,1.422631579,11.43348408,-0.626315789,0.052631579,0.052631579,0.052631579,0,0,0,0,0,0,0.052631579,0.105263158,0.315789474,0,0.105263158,0.052631579,0.052631579,0,0.105263158,0,0.052631579
PMC3788796,ILPWKWPWWPWRR,1,Carpet,+/-,13,1907.2693,2.759082613,2.997682643,0.001446614,76.27692308,0.384615385,60,1.069230769,11.99996777,-1.069230769,0,0.153846154,0,0,0,0,0,0,0,0.076923077,0.076923077,0.076923077,0,0,0.230769231,0,0,0.384615385,0,0
PMC3788796,FPVTWRWWKWWKG,1,Carpet,+/-,13,1863.1703,2.758093612,2.99739092,0.001480323,58.3,0.461538462,22.30769231,0.690769231,11.16626263,-0.961538462,0,0.076923077,0,0,0,0,0,0.076923077,0,0,0,0.153846154,0,0.076923077,0.076923077,0,0.076923077,0.384615385,0,0.076923077
PMC3788796,FSVTWRWWKWWKG,1,Carpet,+/-,13,1853.1324,2.758093612,2.99739092,0.001488341,28.66923077,0.461538462,22.30769231,0.952307692,11.16626263,-0.9,0,0.076923077,0,0,0,0,0,0.076923077,0,0,0,0.153846154,0,0.076923077,0,0.076923077,0.076923077,0.384615385,0,0.076923077
PMC3788796,FPVTWGWWKWWKG,1,Carpet,+/-,13,1764.0359,1.758103612,1.997394232,0.000996637,15.75384615,0.461538462,22.30769231,-0.529230769,10.00273724,-0.646153846,0,0,0,0,0,0,0,0.153846154,0,0,0,0.153846154,0,0.076923077,0.076923077,0,0.076923077,0.384615385,0,0.076923077
PMC3788796,FPVTFRFFKFFKG,1,Carpet,+/-,13,1667.9898,2.758093612,2.99739092,0.001653543,12.16923077,0.461538462,22.30769231,0.440769231,11.16626263,0.461538462,0,0.076923077,0,0,0,0,0,0.076923077,0,0,0,0.153846154,0,0.461538462,0.076923077,0,0.076923077,0,0,0.076923077
PMC3788796,FPVTWPTKWWKG,1,Carpet,+/-,12,1532.7839,1.758103612,1.997394232,0.001147,14.59166667,0.333333333,24.16666667,0.1075,10.00273724,-0.708333333,0,0,0,0,0,0,0,0.083333333,0,0,0,0.166666667,0,0.083333333,0.166666667,0,0.166666667,0.25,0,0.083333333
PMC3788796,FPVTWPTKWWKS,1,Carpet,+/-,12,1562.8099,1.758103612,1.997394232,0.001124963,21.66666667,0.333333333,24.16666667,0.469166667,10.00273724,-0.741666667,0,0,0,0,0,0,0,0,0,0,0,0.166666667,0,0.083333333,0.166666667,0.083333333,0.166666667,0.25,0,0.083333333
PMC3788796,FPVTWPTKWRKG,1,Carpet,+/-,12,1502.7597,2.758093612,2.99739092,0.001835352,14.59166667,0.25,24.16666667,1.545,11.16626263,-1.008333333,0,0.083333333,0,0,0,0,0,0.083333333,0,0,0,0.166666667,0,0.083333333,0.166666667,0,0.166666667,0.166666667,0,0.083333333
PMC3788796,FPVTWPTKWWEG,1,Carpet,+/-,12,1533.7256,-0.238086925,-0.000535612,-0.000155234,21.66666667,0.333333333,24.16666667,0.2125,6.001424599,-0.675,0,0,0,0,0,0.083333333,0,0.083333333,0,0,0,0.083333333,0,0.083333333,0.166666667,0,0.166666667,0.25,0,0.083333333
PMC3788796,FPVTWPTKWLKG,1,Carpet,+/-,12,1459.7316,1.758103612,1.997394232,0.001204402,17.8,0.25,56.66666667,-0.108333333,10.00273724,-0.316666667,0,0,0,0,0,0,0,0.083333333,0,0,0.083333333,0.166666667,0,0.083333333,0.166666667,0,0.166666667,0.166666667,0,0.083333333
PMC3788796,MPLSWFFPRTWGKR,1,Carpet,+/-,14,1809.1429,2.499335687,2.997682643,0.001381503,48.12142857,0.285714286,27.85714286,1.609285714,11.99996777,-0.607142857,0,0.142857143,0,0,0,0,0,0.071428571,0,0,0.071428571,0.071428571,0.071428571,0.142857143,0.142857143,0.071428571,0.071428571,0.142857143,0,0
PMC3788796,FPVTWRWWTWWKG,1,Carpet,+/-,13,1836.1019,1.759092613,1.997685954,0.000958058,35.17692308,0.461538462,22.30769231,0.461538462,11.00083675,-0.715384615,0,0.076923077,0,0,0,0,0,0.076923077,0,0,0,0.076923077,0,0.076923077,0.076923077,0,0.153846154,0.384615385,0,0.076923077
PMC3788796,FPLTWPTKWWKG,1,Carpet,+/-,12,1546.8105,1.758103612,1.997394232,0.001136599,5.616666667,0.333333333,32.5,0.034166667,10.00273724,-0.741666667,0,0,0,0,0,0,0,0.083333333,0,0,0.083333333,0.166666667,0,0.083333333,0.166666667,0,0.166666667,0.25,0,0
PMC3788796,FPLTCPTKWWKG,1,Carpet,+/-,12,1463.7435,1.748202622,1.935419516,0.001194337,34.19166667,0.25,32.5,0.121666667,9.31408596,-0.458333333,0,0,0,0,0.083333333,0,0,0.083333333,0,0,0.083333333,0.166666667,0,0.083333333,0.166666667,0,0.166666667,0.166666667,0,0
PMC6026836,RGGRLCYCRRRFCVCVGR,1,Torroidal pore,,18,2160.6216,5.719438653,5.749215154,0.002647126,62.13333333,0.111111111,53.88888889,3.652222222,10.66321583,-0.25,0,0.333333333,0,0,0.222222222,0,0,0.166666667,0,0,0.055555556,0,0,0.055555556,0,0,0,0,0.055555556,0.111111111
PMC7961353,LARLRRLCFLWAAAWPWPWR,1,Membrane permeability,+/-,20,2569.0868,3.750160624,3.935996338,0.001459725,49.215,0.25,98,0.959,11.99996777,0.145,0.2,0.2,0,0,0.05,0,0,0,0,0,0.2,0,0,0.05,0.1,0,0,0.2,0,0
PMC8145222,CSYSTRPYFLRWRLKFKSKVWC,1,Membrane  ,,22,2855.3861,5.735274629,5.871439004,0.002008581,38.54090909,0.272727273,48.63636364,2.154545455,10.20265369,-0.540909091,0,0.136363636,0,0,0.090909091,0,0,0,0,0,0.090909091,0.136363636,0,0.090909091,0.045454545,0.136363636,0.045454545,0.090909091,0.090909091,0.045454545
PMC8145222,CSYSTRPYFIRWQLKFKTKIWC,1,Membrane  ,,22,2855.3828,4.735284629,4.871442315,0.001658371,29.78636364,0.272727273,53.18181818,1.650454545,9.899523354,-0.445454545,0,0.090909091,0,0,0.090909091,0,0.045454545,0,0,0.090909091,0.045454545,0.136363636,0,0.090909091,0.045454545,0.090909091,0.090909091,0.090909091,0.090909091,0
PMC8145222,TTGKLPVPWPTLVTTFSYGVQCFS,1,Membrane  ,,24,2630.0209,0.386297602,0.934864135,0.00014688,16.77083333,0.166666667,68.75,-0.105416667,7.864772224,0.333333333,0,0,0,0,0.041666667,0,0.041666667,0.083333333,0,0,0.083333333,0.041666667,0,0.083333333,0.125,0.083333333,0.208333333,0.041666667,0.041666667,0.125
PMC4564682,IDWKKLLDAAKQIL,1,Pore,+/-,14,1654.9899,0.759346133,0.997992166,0.000458822,33.86428571,0.071428571,153.5714286,0.648571429,8.497529411,0.064285714,0.142857143,0,0,0.142857143,0,0,0.071428571,0,0,0.142857143,0.214285714,0.214285714,0,0,0,0,0,0.071428571,0,0
PMC3749967,CPSQSTRKEFED,1,Pore,,12,1426.5083,-1.24088579,-1.060292032,-0.000869876,109.9833333,0.083333333,0,4.455,4.87214756,-1.75,0,0.083333333,0,0.083333333,0.083333333,0.166666667,0.083333333,0,0,0,0,0.083333333,0,0.083333333,0.083333333,0.166666667,0.083333333,0,0,0
PMC6663011,TLISWIKNKRKQRPRVSRRRRRRGGRRRR,1,Release of autolysins,+,29,3786.4681,15.39506959,15.99705615,0.004065813,204.3103448,0.034482759,50.34482759,7.212068966,11.99996777,-2.268965517,0,0.448275862,0.034482759,0,0,0,0.034482759,0.068965517,0,0.068965517,0.034482759,0.103448276,0,0,0.034482759,0.068965517,0.034482759,0.034482759,0,0.034482759
PMC6663011,KNKRKRRRRRRGGRRRR,1,Release of autolysins,+,17,2348.7801,13.75699461,13.99706277,0.005857081,333.5117647,0,0,10.91352941,11.99996777,-3.852941176,0,0.647058824,0.058823529,0,0,0,0,0.117647059,0,0,0,0.176470588,0,0,0,0,0,0,0,0
PMC10970450,KKLFKKILKYL,1,Carpet,-,11,1421.8542,4.754107608,4.995658716,0.003343597,-10.21818182,0.181818182,141.8181818,0.475454545,10.30154819,-0.190909091,0,0,0,0,0,0,0,0,0,0.090909091,0.272727273,0.454545455,0,0.090909091,0,0,0,0,0.090909091,0
PMC10970450,RRLFRRILRWL,1,Carpet,+/-,11,1584.9579,4.760051615,4.997967743,0.003003267,211.5454545,0.181818182,141.8181818,4.51,11.99996777,-0.427272727,0,0.454545455,0,0,0,0,0,0,0,0.090909091,0.272727273,0,0,0.090909091,0,0,0,0.090909091,0,0
PMC10970450,WKKLFKKILKYL,1,Carpet,-,12,1608.0641,4.754107608,4.995658716,0.002956417,-8.533333333,0.25,130,0.241666667,10.30154819,-0.25,0,0,0,0,0,0,0,0,0,0.083333333,0.25,0.416666667,0,0.083333333,0,0,0,0.083333333,0.083333333,0
PMC3722296,RSMRLSFRARGYGFRGPGLQL,1,Pore,+,21,2425.8155,4.759052614,4.997117329,0.001961836,26.20952381,0.142857143,60.47619048,2.782857143,11.99996777,-0.542857143,0.047619048,0.238095238,0,0,0,0,0.047619048,0.19047619,0,0,0.142857143,0,0.047619048,0.095238095,0.047619048,0.095238095,0,0,0.047619048,0
PMC3722296,SSMKLSFRARGYGFRGPGPQL,1,Pore,+,21,2312.6513,3.458118458,3.996828917,0.001495305,7.652380952,0.142857143,41.9047619,2.022380952,11.72294712,-0.595238095,0.047619048,0.142857143,0,0,0,0,0.047619048,0.19047619,0,0,0.095238095,0.047619048,0.047619048,0.095238095,0.095238095,0.142857143,0,0,0.047619048,0
PMC3722296,RSMRLSFRARGYGFR,1,Pore,+,15,1860.1533,4.759052614,4.997117329,0.00255842,16.62,0.2,32.66666667,4.308,11.99996777,-0.873333333,0.066666667,0.333333333,0,0,0,0,0,0.133333333,0,0,0.066666667,0,0.066666667,0.133333333,0,0.133333333,0,0,0.066666667,0
PMC3722296,LLGDFFRKSKEKIGKEFKRIVQRIKDFLRNLVPRTES,1,Pore,+,37,4493.2629,5.764730516,6.002415876,0.001282972,23.34324324,0.108108108,89.45945946,3,10.60525875,-0.724324324,0,0.135135135,0.027027027,0.054054054,0,0.081081081,0.027027027,0.054054054,0,0.081081081,0.108108108,0.162162162,0,0.108108108,0.027027027,0.054054054,0.027027027,0,0,0.054054054
PMC3722296,RSMRLSFRARG,1,Pore,+,11,1336.5693,3.760061615,3.997971054,0.002813219,34.46363636,0.090909091,44.54545455,4.861818182,11.99996777,-0.881818182,0.090909091,0.363636364,0,0,0,0,0,0.090909091,0,0,0.090909091,0,0.090909091,0.090909091,0,0.181818182,0,0,0,0
PMC6222697,KLLKHKLLVTLA,1,Pore,+/-,12,1376.7723,2.844278799,3.088008289,0.002065904,0.6,0,195,-0.5475,10.30206394,0.783333333,0.083333333,0,0,0,0,0,0,0,0.083333333,0,0.416666667,0.25,0,0,0,0,0.083333333,0,0,0.083333333
PMC6658469,GIGAVLKVLTTGLPALISWIKRKRQQ,1,Toroidal pore,+/-,26,2847.4471,4.757084611,4.997092575,0.001670649,44.73076923,0.038461538,135,0.57,11.99996777,0.273076923,0.076923077,0.076923077,0,0,0,0,0.076923077,0.115384615,0,0.115384615,0.153846154,0.115384615,0,0,0.038461538,0.038461538,0.076923077,0.038461538,0,0.076923077
PMC3631201,KKLKKFKKLQ,1,"Pore, fusion of vesicles",-,10,1288.6673,5.754107608,5.996214096,0.004465161,1.1,0.1,78,2.602,10.69931812,-1.65,0,0,0,0,0,0,0.1,0,0,0,0.2,0.6,0,0.1,0,0,0,0,0,0
PMC9602519,KNLLRRIRRKLRNKFSRSDVIKTPKIVEVN,1,Toroidal pore,+/-,30,3678.3863,8.758977833,8.998710869,0.002381201,82.44666667,0.033333333,107,3.915666667,11.99996777,-0.92,0,0.2,0.1,0.033333333,0,0.033333333,0,0,0,0.1,0.1,0.166666667,0,0.033333333,0.033333333,0.066666667,0.033333333,0,0,0.1
PMC10820675,CSSGSLWRLIRRFLRR,1,Pore,-,16,2006.384,4.750150625,4.935993027,0.002367518,119.85,0.125,97.5,3.599375,11.99996777,-0.3125,0,0.3125,0,0,0.0625,0,0,0.0625,0,0.0625,0.1875,0,0,0.0625,0,0.1875,0,0.0625,0,0
PMC7258946,TWVRDVVRSMDRK,1,Pore,,13,1647.8996,1.399409116,1.9985723,0.000849208,19.13846154,0.076923077,66.92307692,4.378461538,10.73658085,-0.946153846,0,0.230769231,0,0.153846154,0,0,0,0,0,0,0,0.076923077,0.076923077,0,0,0.076923077,0.076923077,0.076923077,0,0.230769231
PMC7258946,PLYKKIIKKLLE,1,Membrane disruption,,12,1485.8949,2.961581604,2.997728873,0.00199313,-12.05833333,0.083333333,162.5,0.379166667,9.835570717,-0.133333333,0,0,0,0,0,0.083333333,0,0,0,0.166666667,0.25,0.333333333,0,0,0.083333333,0,0,0,0.083333333,0
PMC7258946,TWVKYIVRLLSK,1,,,12,1505.8447,2.395189591,2.996540506,0.001590595,-19.90833333,0.166666667,145.8333333,0.58,10.28884792,0.375,0,0.083333333,0,0,0,0,0,0,0,0.083333333,0.166666667,0.166666667,0,0,0,0.083333333,0.083333333,0.083333333,0.083333333,0.166666667
PMC8929087,VTCDLLKPFFGRAPCMMHCILRFKKRTGFCSRQNVCVCR,1,Pore,+/-,39,4566.5832,6.759830396,6.716589921,0.001480282,58.79487179,0.102564103,64.87179487,1.681025641,9.693546867,0.158974359,0.025641026,0.128205128,0.025641026,0.025641026,0.153846154,0,0.025641026,0.051282051,0.025641026,0.025641026,0.076923077,0.076923077,0.051282051,0.102564103,0.051282051,0.025641026,0.051282051,0,0,0.076923077
PMC8153390,RRPRPRPRPWWWW,1,Pore,+/-,13,1932.2442,4.760051615,4.997967743,0.002463483,92.93846154,0.307692308,0,5.021538462,11.99996777,-2.5,0,0.384615385,0,0,0,0,0,0,0,0,0,0,0,0,0.307692308,0,0,0.307692308,0,0
PMC8153390,KAKAKAVSRSARAGLQFPVGRIHRHLK,1,Pore,+/-,27,2983.5256,7.930413987,8.178609101,0.002658068,62,0.037037037,83.33333333,2.473703704,11.99996777,-0.562962963,0.185185185,0.148148148,0,0,0,0,0.037037037,0.074074074,0.074074074,0.037037037,0.074074074,0.148148148,0,0.037037037,0.037037037,0.074074074,0,0,0,0.074074074
PMC8639500,FLPLLISALTSLFPKLGK,1,Pore,,18,1958.4288,1.758103612,1.997394232,0.000897711,21.41111111,0.111111111,157.2222222,-1.26,10.00273724,1.166666667,0.055555556,0,0,0,0,0,0,0.055555556,0,0.055555556,0.333333333,0.111111111,0,0.111111111,0.111111111,0.111111111,0.055555556,0,0,0
PMC8639500,FLPRRISARTSLFPKRGK,1,Pore,,18,2130.5412,5.758063613,5.997380986,0.00270263,67.15555556,0.111111111,70.55555556,3.148888889,11.99996777,-0.677777778,0.055555556,0.222222222,0,0,0,0,0,0.055555556,0,0.055555556,0.111111111,0.111111111,0,0.111111111,0.111111111,0.111111111,0.055555556,0,0,0
PMC5453574,AVAGEKLWLLPHLLKMLLTPTP,1,Pore,,22,2442.0138,0.883861236,1.090078445,0.000361939,38.34545455,0.045454545,146.3636364,-0.909545455,8.641229439,0.65,0.090909091,0,0,0,0,0.045454545,0,0.045454545,0.045454545,0,0.318181818,0.090909091,0.045454545,0,0.136363636,0,0.090909091,0.045454545,0,0.045454545
PMC10051595,LLGDFFRKSKEKIGKEFKRIVQRIKDFLRNLVPRTES,1,Pore,+,37,4493.2629,5.764730516,6.002415876,0.001282972,23.34324324,0.108108108,89.45945946,3,10.60525875,-0.724324324,0,0.135135135,0.027027027,0.054054054,0,0.081081081,0.027027027,0.054054054,0,0.081081081,0.108108108,0.162162162,0,0.108108108,0.027027027,0.054054054,0.027027027,0,0,0.054054054
PMC10051595,KRFKKFFKKLK,1,Pore,+,11,1497.9138,6.754097608,6.996210785,0.004509003,-4.036363636,0.272727273,35.45454545,3.123636364,11.43348408,-1.427272727,0,0.090909091,0,0,0,0,0,0,0,0,0.090909091,0.545454545,0,0.272727273,0,0,0,0,0,0
PMC7063992,VKRTKRGARRGL,1,Pore,+/-,12,1397.6757,5.731950388,5.997380986,0.004101059,87.60833333,0,65,5.058333333,11.99996777,-1.458333333,0.083333333,0.333333333,0,0,0,0,0,0.166666667,0,0,0.083333333,0.166666667,0,0,0,0,0.083333333,0,0,0.083333333
PMC7063992,TKVLKKIFGSIVKKAVSKGV,1,Pore,+/-,20,2130.6587,5.392202588,5.996214096,0.002530768,-13.165,0.05,121.5,0.254,10.69906025,0.385,0.05,0,0,0,0,0,0,0.1,0,0.1,0.05,0.3,0,0.05,0,0.1,0.05,0,0,0.2
PMC7063992,WYQLIRTFGNLIHQKYRKLLEAYRKLRD,1,Pore,+/-,28,3623.2163,4.848353921,5.087665408,0.001338135,4.160714286,0.178571429,101.0714286,2.668928571,10.27756596,-0.846428571,0.035714286,0.142857143,0.035714286,0.035714286,0,0.035714286,0.071428571,0.035714286,0.035714286,0.071428571,0.178571429,0.107142857,0,0.035714286,0,0,0.035714286,0.035714286,0.107142857,0
PMC7063992,VRRSKRGIKVPSFVKKVLKDVVSESIS,1,Pore,+/-,27,3042.6209,5.732894608,5.998720803,0.001884196,67.79259259,0.037037037,107.7777778,2.300740741,11.12229519,-0.192592593,0,0.111111111,0,0.037037037,0,0.037037037,0,0.037037037,0,0.074074074,0.037037037,0.185185185,0,0.037037037,0.037037037,0.185185185,0,0,0,0.222222222
PMC7063992,GRFRRLRKKTRKRLKKIGKVLKWIPPIVGSI,1,Pore,+/-,31,3729.65,12.75304861,12.99589919,0.003419369,30.99677419,0.064516129,106.7741935,2.699677419,11.99996777,-0.661290323,0,0.193548387,0,0,0,0,0,0.096774194,0,0.129032258,0.096774194,0.225806452,0,0.032258065,0.064516129,0.032258065,0.032258065,0.032258065,0,0.064516129
PMC8469417,RKKRRQRRRGGGGLHITDMAWKR,1,Coaggregation of ribosomal protein,-,23,2820.2961,8.845329561,9.088431594,0.003136312,157.873913,0.043478261,38.26086957,5.325652174,11.99996777,-1.939130435,0.043478261,0.304347826,0,0.043478261,0,0,0.043478261,0.173913043,0.043478261,0.043478261,0.043478261,0.130434783,0.043478261,0,0,0,0.043478261,0.043478261,0,0
PMC8469417,RKKRRQRRRGGGGITDFGIFIGL,1,Coaggregation of ribosomal protein,-,23,2645.0804,6.759164374,6.997820848,0.002555372,108.5695652,0.086956522,67.82608696,3.746521739,11.99996777,-0.956521739,0,0.260869565,0,0.043478261,0,0,0.043478261,0.260869565,0,0.130434783,0.043478261,0.086956522,0,0.086956522,0,0,0.043478261,0,0,0
PMC10482868,WKKLKKLLKKLKKL,1,Carpet,-,14,1795.3916,7.752109606,7.995624029,0.004317782,-33.16428571,0.071428571,139.2857143,1.247857143,10.84533901,-0.935714286,0,0,0,0,0,0,0,0,0,0,0.357142857,0.571428571,0,0,0,0,0,0.071428571,0,0
PMC8347216,AKRHHGYKRKFH,1,Pore,+,12,1564.7977,5.053381149,5.268969434,0.003229415,63.83333333,0.166666667,8.333333333,4.573333333,11.16613369,-2.283333333,0.083333333,0.166666667,0,0,0,0,0,0.083333333,0.25,0,0,0.25,0,0.083333333,0,0,0,0,0.083333333,0
PMC8347216,AKRFFGYKRKFF,1,Pore,+,12,1594.9012,4.791858584,4.996242161,0.003004486,56.425,0.416666667,8.333333333,2.663333333,11.16613369,-0.783333333,0.083333333,0.166666667,0,0,0,0,0,0.083333333,0,0,0,0.25,0,0.333333333,0,0,0,0,0.083333333,0
PMC8347216,GIGKFLHSAKKFGKAFVGEIMNS,1,Toroidal pore,+,23,2466.8972,2.84609026,3.089488378,0.001153713,-0.104347826,0.130434783,72.17391304,0.419130435,10.0013834,0.082608696,0.086956522,0,0.043478261,0,0,0.043478261,0,0.173913043,0.043478261,0.086956522,0.043478261,0.173913043,0.043478261,0.130434783,0,0.086956522,0,0,0,0.043478261
PMC7168153,FFGHLLRGIVSVGKHIHGLITG,1,Carpet,-,22,2358.7841,2.020615178,2.270413227,0.000856634,16.01363636,0.090909091,132.7272727,-0.356363636,11.00090122,0.790909091,0,0.045454545,0,0,0,0,0,0.227272727,0.136363636,0.136363636,0.136363636,0.045454545,0,0.090909091,0,0.045454545,0.045454545,0,0,0.090909091
PMC7168153,WFGHLLRGIVSVGKHIHGLITG,1,Carpet,-,22,2397.8202,2.020615178,2.270413227,0.000842688,16.01363636,0.090909091,132.7272727,-0.326818182,11.00090122,0.622727273,0,0.045454545,0,0,0,0,0,0.227272727,0.136363636,0.136363636,0.136363636,0.045454545,0,0.045454545,0,0.045454545,0.045454545,0.045454545,0,0.090909091
PMC7696940,FPVTWRWWKWWKG,1,"Pore, carpet",+/-,13,1863.1703,2.758093612,2.99739092,0.001480323,58.3,0.461538462,22.30769231,0.690769231,11.16626263,-0.961538462,0,0.076923077,0,0,0,0,0,0.076923077,0,0,0,0.153846154,0,0.076923077,0.076923077,0,0.076923077,0.384615385,0,0.076923077
PMC7696940,SGKLCCRRKK,1,"Pore, carpet",+/-,10,1178.4756,4.437327476,4.873143143,0.003765311,49.3,0,39,4.147,10.33217068,-1.31,0,0.2,0,0,0.2,0,0,0.1,0,0,0.1,0.3,0,0,0,0.1,0,0,0,0
PMC10051583,LKRVWKRVFKLLKRYWRQLKKPVR,1,carpet,+,24,3226.0122,10.75305861,10.99534713,0.003333236,35.36666667,0.166666667,101.25,3.089166667,11.99996777,-0.979166667,0,0.208333333,0,0,0,0,0.041666667,0,0,0,0.166666667,0.25,0,0.041666667,0.041666667,0,0,0.083333333,0.041666667,0.125
PMC7070102,GMASKAGAIAGKIAKVALKAL,1,Pore,,21,1969.4384,3.75610561,3.996804164,0.001907196,-4.814285714,0,121.4285714,-0.76,10.47774029,0.842857143,0.333333333,0,0,0,0,0,0,0.142857143,0,0.095238095,0.095238095,0.19047619,0.047619048,0,0,0.047619048,0,0,0,0.047619048
PMC8425997,KLKLLLLLKLK,1,Pore,+,11,1322.8077,3.75610561,3.996804164,0.002839495,-37.21818182,0,248.1818182,-1.112727273,10.47774029,1,0,0,0,0,0,0,0,0,0,0,0.636363636,0.363636364,0,0,0,0,0,0,0,0
PMC6151434,GLFDIIKKIAESF,1,Pore,,13,1480.7458,-0.237965165,-0.000384161,-0.000160706,20.47692308,0.153846154,127.6923077,0.126153846,6.069006157,0.669230769,0.076923077,0,0,0.076923077,0,0.076923077,0,0.076923077,0,0.230769231,0.076923077,0.153846154,0,0.153846154,0,0.076923077,0,0,0,0
PMC6151434,GLFGVLAKVAAHVVPAIAEHF,1,Pore,,21,2146.5319,-0.063738548,0.18128257,-2.97E-05,11.25238095,0.095238095,134.7619048,-1.244285714,6.920852089,1.3,0.238095238,0,0,0,0,0.047619048,0,0.095238095,0.095238095,0.047619048,0.095238095,0.047619048,0,0.095238095,0.047619048,0,0,0,0,0.19047619
PMC7583308,DAEFRHDSGYEVHHQKLVFFAEDVGSNKGAIIGLMVGGVVIA,1,Pore (Amyloid ion channel),,42,4514.0381,-2.969589155,-2.7240674,-0.000657856,18.17142857,0.095238095,97.38095238,0.778571429,5.311115074,0.204761905,0.095238095,0.023809524,0.023809524,0.071428571,0,0.071428571,0.023809524,0.142857143,0.071428571,0.071428571,0.047619048,0.047619048,0.023809524,0.071428571,0,0.047619048,0,0,0.023809524,0.142857143
PMC7583308,SGYEVHHQKLVFFAEDVGSNKGAIIGLMVGGVVIA,1,Pore (Amyloid ion channel),,35,3643.1726,-1.361760482,-0.817641271,-0.000373784,8.8,0.085714286,114,-0.181142857,5.961296272,0.634285714,0.085714286,0,0.028571429,0.028571429,0,0.057142857,0.028571429,0.171428571,0.057142857,0.085714286,0.057142857,0.057142857,0.028571429,0.057142857,0,0.057142857,0,0,0.028571429,0.171428571
PMC7583308,GYEVHHQKLVFFAEDVGSNKGAIIGLMVGGVVIA,1,Pore (Amyloid ion channel),,34,3556.0953,-1.061805327,-0.817641271,-0.000298587,8.764705882,0.088235294,117.3529412,-0.286470588,6.011257744,0.676470588,0.088235294,0,0.029411765,0.029411765,0,0.058823529,0.029411765,0.176470588,0.058823529,0.088235294,0.058823529,0.058823529,0.029411765,0.058823529,0,0.029411765,0,0,0.029411765,0.176470588
PMC7555028,VRLIVKVRIWRR,1,Pore,+/-,12,1594.0061,4.732949389,4.99767602,0.002969217,40.35,0.083333333,170,3.001666667,11.99996777,0.216666667,0,0.333333333,0,0,0,0,0,0,0,0.166666667,0.083333333,0.083333333,0,0,0,0,0,0.083333333,0,0.25
PMC8140080,WRKWRKRWWWRKWRKRWW,1,Bacterial membrane external protrusion,+/-,18,2957.4979,9.756045611,9.996784296,0.00329875,109.3111111,0.444444444,0,5.171111111,11.99996777,-2.766666667,0,0.333333333,0,0,0,0,0,0,0,0,0,0.222222222,0,0,0,0,0,0.444444444,0,0
PMC10232870,CDFIETHYLDEQVKSIKELADWVTNLRRMGAPQNGMAEYLFD,1,Pore,+/-,42,4948.5228,-4.147735398,-3.966492417,-0.000838176,51.58809524,0.119047619,76.66666667,1.945714286,4.592727089,-0.480952381,0.071428571,0.047619048,0.047619048,0.095238095,0.023809524,0.095238095,0.047619048,0.047619048,0.023809524,0.047619048,0.095238095,0.047619048,0.047619048,0.047619048,0.023809524,0.023809524,0.047619048,0.023809524,0.047619048,0.047619048
PMC7391757,MGPMKVLLVLLVVMVAAPHIADA,1,,+/-,23,2389.0386,-0.412349364,0.089044841,-0.000172601,26.3826087,0,165.2173913,-1.786956522,6.495298576,1.713043478,0.173913043,0,0,0.043478261,0,0,0,0.043478261,0.043478261,0.043478261,0.173913043,0.043478261,0.130434783,0,0.086956522,0,0,0,0,0.217391304
PMC7835343,VRNSQSCRRNKGICVPIRCPGSMRQIGTCLGAQVKCCRRK,1,Pore,-,40,4464.351,9.671515447,9.625227723,0.002166388,78.825,0,63.25,2.909,10.84611263,-0.5,0.025,0.175,0.05,0,0.15,0,0.075,0.1,0,0.075,0.025,0.075,0.025,0,0.05,0.075,0.025,0,0,0.075
PMC7835343,GIGKFLKKAKKFGKAFVKILKK,1,Pore,-,22,2478.1585,8.751110605,8.995328995,0.003531296,-6.163636364,0.136363636,93.18181818,0.493181818,10.90329609,-0.159090909,0.090909091,0,0,0,0,0,0,0.136363636,0,0.090909091,0.090909091,0.409090909,0,0.136363636,0,0,0,0,0,0.045454545
PMC5575948,GFVALLKKLPLILKHLH,1,Pore,+/-,17,1940.4632,2.931452988,3.17891738,0.001510698,17.08823529,0.058823529,183.5294118,-1.072941176,10.30212841,0.941176471,0.058823529,0,0,0,0,0,0,0.058823529,0.117647059,0.058823529,0.352941176,0.176470588,0,0.058823529,0.058823529,0,0,0,0,0.058823529
PMC5575948,GFVALLKKLPLILKHLP,1,Pore,+/-,17,1900.4391,2.844278799,3.088008289,0.001496643,28.41764706,0.058823529,183.5294118,-1.347058824,10.30206394,1.035294118,0.058823529,0,0,0,0,0,0,0.058823529,0.058823529,0.058823529,0.352941176,0.176470588,0,0.058823529,0.117647059,0,0,0,0,0.058823529
PMC8537239,LLPIVGNLLKSLL,1,Pore,+/-,13,1392.7682,0.759102613,0.997689266,0.000545032,-2.076923077,0,232.3076923,-1.833076923,8.750052071,1.638461538,0,0,0.076923077,0,0,0,0,0.076923077,0,0.076923077,0.461538462,0.076923077,0,0,0.076923077,0.076923077,0,0,0,0.076923077
PMC8537239,FVQWFSKFLGRIL,1,Pore,+/-,13,1640.9662,1.759092613,1.997685954,0.001071986,24.04615385,0.307692308,112.3076923,-0.123076923,11.00083675,0.823076923,0,0.076923077,0,0,0,0,0.076923077,0.076923077,0,0.076923077,0.153846154,0.076923077,0,0.230769231,0,0.076923077,0,0.076923077,0,0.076923077
PMC8537239,KLALKLALKAWKAALKLA,1,Pore,+/-,18,1950.4997,4.755106609,4.99650913,0.002437891,-18.85555556,0.055555556,163.3333333,-0.831111111,10.60248661,0.733333333,0.333333333,0,0,0,0,0,0,0,0,0,0.333333333,0.277777778,0,0,0,0,0,0.055555556,0,0
PMC5890168,GEIDNNQCQICELLVKDIIEGLTANQSVEVIEHGLNLICDHIPLHVRVCKQFVDSNFQKIVQFIENHDDPQEICEKCGVC,1,Pore,+,80,9076.2671,-8.935306306,-9.056505908,-0.000984469,39.30125,0.0375,108.25,1.4505,4.540662575,-0.0675,0.0125,0.0125,0.075,0.075,0.0875,0.1,0.0875,0.05,0.05,0.125,0.075,0.05,0,0.0375,0.025,0.025,0.0125,0,0,0.1
PMC11308023,FIHHIFRGIVHAGRSIGRFLTG,1,Pore,,22,2491.895,3.021594179,3.270701638,0.001212569,39.66363636,0.136363636,106.3636364,0.98,11.99996777,0.454545455,0.045454545,0.136363636,0,0,0,0,0,0.181818182,0.136363636,0.181818182,0.045454545,0,0,0.136363636,0,0.045454545,0.045454545,0,0,0.045454545
PMC6107846,MKKNLMNSAEESSGNVLEELNNAQLGMISGG,1,Pore,+,31,3266.6353,-2.490401467,-1.995505277,-0.000762375,44.37741935,0,78.70967742,1.535806452,4.49314518,-0.464516129,0.064516129,0,0.161290323,0,0,0.129032258,0.032258065,0.129032258,0,0.032258065,0.129032258,0.064516129,0.096774194,0,0,0.129032258,0,0,0,0.032258065
PMC6107846,KKTKKNSSGDICTLTSECDHLATWVCC,1,Pore,+,27,2972.3972,0.808727822,0.842482482,0.000272079,50.66666667,0.037037037,57.77777778,1.823333333,7.875925255,-0.414814815,0.037037037,0,0.037037037,0.074074074,0.148148148,0.037037037,0,0.037037037,0.037037037,0.037037037,0.074074074,0.148148148,0,0,0,0.111111111,0.148148148,0.037037037,0,0.037037037
PMC6768957,MSTKDFNLDLV,1,Pore,+,11,1282.4622,-1.498402792,-1.001417766,-0.00116838,42.18181818,0.090909091,97.27272727,1.49,4.207074547,0.054545455,0,0,0.090909091,0.181818182,0,0,0,0,0,0,0.181818182,0.090909091,0.090909091,0.090909091,0,0.090909091,0.090909091,0,0,0.090909091
PMC6768957,MSTKDFNLDLVSV,1,Pore,+,13,1468.6705,-1.498402792,-1.001417766,-0.001020244,37.23076923,0.076923077,104.6153846,1.211538462,4.207074547,0.307692308,0,0,0.076923077,0.153846154,0,0,0,0,0,0,0.153846154,0.076923077,0.076923077,0.076923077,0,0.153846154,0.076923077,0,0,0.153846154
PMC6768957,IVCGTDFDGR,1,Pore,+,10,1082.1876,-1.247567854,-1.06310076,-0.00115282,-3.18,0.1,68,1.983,4.207813454,0.1,0,0.1,0,0.2,0.1,0,0,0.2,0,0.1,0,0,0,0.1,0,0,0.1,0,0,0.1
PMC6768957,ITSISLCTPGCKTGALMGCSFFGWVSACKNC,1,Pore,+,31,3186.789,1.708598662,1.687520652,0.000536151,29.20322581,0.096774194,66.12903226,-0.293225806,8.426614189,0.764516129,0.064516129,0,0.032258065,0,0.161290323,0,0,0.129032258,0,0.064516129,0.064516129,0.064516129,0.032258065,0.064516129,0.032258065,0.129032258,0.096774194,0.032258065,0,0.032258065
PMC6768957,ITSRILCTSSCKTGALMGCNMKTATCHCSIHVSK,1,Pore,+,34,3587.289,3.881938037,3.869040489,0.001082137,54.1,0,71.76470588,0.945294118,9.072845268,0.317647059,0.058823529,0.029411765,0.029411765,0,0.147058824,0,0,0.058823529,0.058823529,0.088235294,0.058823529,0.088235294,0.058823529,0,0,0.147058824,0.147058824,0,0,0.029411765
PMC6768957,ITSISLCTPGCKTGALMGCNMKTATCHCSIHVSK,1,Pore,+,34,3498.1925,2.881948037,2.8690438,0.000823839,27.51764706,0,71.76470588,0.378823529,8.78080349,0.414705882,0.058823529,0,0.029411765,0,0.147058824,0,0,0.088235294,0.058823529,0.088235294,0.058823529,0.088235294,0.058823529,0,0.029411765,0.117647059,0.147058824,0,0,0.029411765
PMC7504088,KKLLKWLLKLLKTTKS,1,antibiofilm,+/-,16,1941.4897,5.754107608,5.996214096,0.002963759,-9.44375,0.0625,146.25,0.624375,10.69931812,-0.23125,0,0,0,0,0,0,0,0,0,0,0.375,0.375,0,0,0,0.0625,0.125,0.0625,0,0
PMC7904761,GLLRKGGEKIGEKLKKIGQKIKNFFQKLVPQPEQ,1,immunomodulatory,,34,3878.6095,5.760530992,6.000946086,0.001485205,17.93823529,0.058823529,88.82352941,1.747352941,10.21851292,-0.894117647,0,0.029411765,0.029411765,0,0,0.088235294,0.117647059,0.147058824,0,0.088235294,0.117647059,0.235294118,0,0.058823529,0.058823529,0,0,0,0,0.029411765
PMC6267271,VTCDLLSFKQVNDSACAANCLSLGKAGGHCEKGVCICRKTSFKDLWDKYF,1,Pore,+,50,5475.3064,1.762047136,1.717982225,0.000321817,27.188,0.1,72.2,1.2136,8.296452522,-0.016,0.08,0.02,0.04,0.08,0.12,0.02,0.02,0.08,0.02,0.02,0.1,0.12,0,0.06,0,0.08,0.04,0.02,0.02,0.06
PMC6267271,YVPLPNVPQPGRRPFPTFPGQGPFNPKIKWPQGY,1,,-,34,3878.4401,3.75608561,3.995686781,0.000968453,84.15588235,0.176470588,40,1.198235294,10.44679546,-0.911764706,0,0.058823529,0.058823529,0,0,0,0.088235294,0.117647059,0,0.029411765,0.029411765,0.058823529,0,0.088235294,0.294117647,0,0.029411765,0.029411765,0.058823529,0.058823529
PMC6267271,DLRFLYPRGKLPVPTPPPFNPKPIYIDMGNRY,1,,-,32,3773.4073,2.757318131,2.995726023,0.000730724,37.09375,0.15625,70,1.585625,9.818551064,-0.66875,0,0.09375,0.0625,0.0625,0,0,0,0.0625,0,0.0625,0.09375,0.0625,0.03125,0.0625,0.25,0,0.03125,0,0.09375,0.03125
PMC6267271,GKPRPYSPRPTSHPRPIRV,1,Pore,,19,2198.5325,4.845237801,5.087734697,0.002203851,41.15263158,0.052631579,35.78947368,3.657894737,11.99996777,-1.578947368,0,0.210526316,0,0,0,0,0,0.052631579,0.052631579,0.052631579,0,0.052631579,0,0,0.315789474,0.105263158,0.052631579,0,0.052631579,0.052631579
PMC6267271,DDMTMKPTPPPQYPLNLQGGGGGQSGDGFGFAVQGHQKVWTSDNGRHEIGLNGGYGQHLGGPYGNSEPSWKVGSTYTYRFPNF,1,Pore,-,83,8902.5702,-0.976283861,-0.729096041,-0.000109663,30.76506024,0.13253012,35.18072289,1.556987952,6.278685188,-0.921686747,0.012048193,0.024096386,0.060240964,0.048192771,0,0.024096386,0.072289157,0.21686747,0.036144578,0.012048193,0.048192771,0.036144578,0.024096386,0.048192771,0.096385542,0.060240964,0.060240964,0.024096386,0.060240964,0.036144578
PMC6267271,HRHEGPIFNTRPSPFNPNEPRPGPIY,1,,+,26,3027.313,0.939041914,1.182492379,0.00031019,63.68846154,0.115384615,30,2.925,8.757401466,-1.446153846,0,0.115384615,0.115384615,0,0,0.076923077,0,0.076923077,0.076923077,0.076923077,0,0,0,0.076923077,0.269230769,0.038461538,0.038461538,0,0.038461538,0
PMC6267271,KTSISVKGESNVDVVSQINSLVSSIVSGANVSAVLLAQTLVNILQILIDANVFA,1,immunomodulatory,,54,5540.3199,-1.236844404,-0.999937677,-0.000223244,32.39259259,0.018518519,149.6296296,0.14,4.558112144,0.887037037,0.092592593,0,0.092592593,0.037037037,0,0.018518519,0.055555556,0.037037037,0,0.111111111,0.111111111,0.037037037,0,0.018518519,0,0.166666667,0.037037037,0,0,0.185185185
PMC6267271,GWKDWAKKAGGWLKKKGPGMAKAALKAAMQ,1,Pore,-,30,3213.8642,6.753230367,6.996070513,0.002101281,14.22,0.1,49.33333333,0.658666667,10.47741795,-0.683333333,0.233333333,0,0,0.033333333,0,0,0.033333333,0.166666667,0,0,0.066666667,0.266666667,0.066666667,0,0.033333333,0,0,0.1,0,0
PMC6267271,GWKDWLKKGKEWLKAKGPGIVKAALQAATQ,1,Pore,-,30,3307.8861,4.75703983,4.998140669,0.001438091,4.58,0.1,78.33333333,0.817,10.12554951,-0.626666667,0.166666667,0,0,0.033333333,0,0.033333333,0.066666667,0.133333333,0,0.033333333,0.1,0.233333333,0,0,0.033333333,0,0.033333333,0.1,0,0.033333333
PMC6267271,GWKDWLNKGKEWLKKKGPGIMKAALKAATQ,1,Pore,-,30,3383.0189,5.756040829,5.997845635,0.001701451,5.396666667,0.1,65.33333333,1.155333333,10.22231655,-0.893333333,0.133333333,0,0.033333333,0.033333333,0,0.033333333,0.033333333,0.133333333,0,0.033333333,0.1,0.266666667,0.033333333,0,0.033333333,0,0.033333333,0.1,0,0
PMC6267271,DFKDWMKTAGEWLKKKGPGILKAAMAAAT,1,Pore,-,29,3164.7406,2.759159592,2.998882187,0.000871844,5.696551724,0.103448276,61.03448276,0.755517241,9.7010252,-0.35862069,0.206896552,0,0,0.068965517,0,0.034482759,0,0.103448276,0,0.034482759,0.068965517,0.206896552,0.068965517,0.034482759,0.034482759,0,0.068965517,0.068965517,0,0
PMC6267271,GLKDWVKIAGGWLKKGPGILKAAMAAATQ,1,Pore,-,29,2980.5712,3.75622737,3.996955614,0.001260237,9.231034483,0.068965517,97.93103448,-0.22862069,10.17686634,0.162068966,0.206896552,0,0,0.034482759,0,0,0.034482759,0.172413793,0,0.068965517,0.103448276,0.172413793,0.034482759,0,0.034482759,0,0.034482759,0.068965517,0,0.034482759
PMC6267271,GLVDVLGKVGGLIKKLLP,1,Pore,-,18,1819.2786,1.758225372,1.997545682,0.000966441,-4.933333333,0,178.3333333,-1.112777778,9.70302372,0.983333333,0,0,0,0.055555556,0,0,0,0.222222222,0,0.055555556,0.277777778,0.166666667,0,0,0.055555556,0,0,0,0,0.166666667
PMC6267271,GLVDVLGKVGGLIKKLLPG,1,Pore,-,19,1876.3299,1.758225372,1.997545682,0.000937056,-4.147368421,0,168.9473684,-1.103684211,9.70302372,0.910526316,0,0,0,0.052631579,0,0,0,0.263157895,0,0.052631579,0.263157895,0.157894737,0,0,0.052631579,0,0,0,0,0.157894737
PMC6267271,WLGSALKIGAKLLPSVVGLFKKKKQ,1,Pore,+/-,25,2710.3491,5.754107608,5.996214096,0.002123013,16.408,0.08,124.8,-0.1484,10.69931812,0.244,0.08,0,0,0,0,0,0.04,0.12,0,0.04,0.2,0.24,0,0.04,0.04,0.08,0,0.04,0,0.08
PMC6267271,WLGSALKIGAKLLPSVVGLFQKKKK,1,Pore,+/-,25,2710.3491,5.754107608,5.996214096,0.002123013,12.964,0.08,124.8,-0.1484,10.69931812,0.244,0.08,0,0,0,0,0,0.04,0.12,0,0.04,0.2,0.24,0,0.04,0.04,0.08,0,0.04,0,0.08
PMC6267271,GIWGTLAKIGIKAVPRVISMLKKKKQ,1,Pore,+/-,26,2864.5836,6.754097608,6.996210785,0.002357794,-0.365384615,0.038461538,120,0.423461538,11.43348408,0.111538462,0.076923077,0.038461538,0,0,0,0,0.038461538,0.115384615,0,0.153846154,0.076923077,0.230769231,0.038461538,0,0.038461538,0.038461538,0.038461538,0.038461538,0,0.076923077
PMC6267271,GIWGTALKWGVKLLPKLVGMAQTKKQ,1,Pore,+/-,26,2852.485,4.755106609,4.99650913,0.001667005,2.184615385,0.076923077,105,-0.119230769,10.60248661,0.026923077,0.076923077,0,0,0,0,0,0.076923077,0.153846154,0,0.038461538,0.153846154,0.192307692,0.038461538,0,0.038461538,0,0.076923077,0.076923077,0,0.076923077
PMC6267271,FWGALIKGAAKLIPSVVGLFKKKQ,1,Pore,+/-,24,2600.1936,4.755106609,4.99650913,0.001828751,-5.55,0.125,117.9166667,-0.522083333,10.60248661,0.5125,0.125,0,0,0,0,0,0.041666667,0.125,0,0.083333333,0.125,0.208333333,0,0.083333333,0.041666667,0.041666667,0,0.041666667,0,0.083333333
PMC6267271,FIGTALGIASAIPAIVKLFK,1,Pore,,20,2030.4947,1.758103612,1.997394232,0.00086585,-8.245,0.1,151.5,-1.5785,10.00273724,1.545,0.2,0,0,0,0,0,0,0.1,0,0.2,0.1,0.1,0,0.1,0.05,0.05,0.05,0,0,0.05
PMC6267271,LLKELWTKMKGAGKAVLGKI,1,Pore,,20,2184.7293,3.757917071,3.998284253,0.001720084,4.655,0.05,122,-0.1315,10.17686634,0.18,0.1,0,0,0,0,0.05,0,0.15,0,0.05,0.2,0.25,0.05,0,0,0,0.05,0.05,0,0.05
PMC6267271,LLKELWTKIKGAGKAVLGKIKGLL,1,Pore,,24,2578.2297,4.75691807,4.997989219,0.001845033,-22.1875,0.041666667,150.4166667,-0.434583333,10.30154819,0.395833333,0.083333333,0,0,0,0,0.041666667,0,0.166666667,0,0.083333333,0.25,0.25,0,0,0,0,0.041666667,0.041666667,0,0.041666667
PMC6267271,PFKLSLHL,1,Pore,+/-,8,954.166,1.044704055,1.088598356,0.001094887,3.425,0.125,146.25,-0.51625,9.181216621,0.5875,0,0,0,0,0,0,0,0,0.125,0,0.375,0.125,0,0.125,0.125,0.125,0,0,0,0
PMC6267271,TPFKLSLHL,1,Pore,+/-,9,1055.2699,0.484371782,1.088598356,0.000459003,4.155555556,0.111111111,130,-0.173333333,8.440732765,0.444444444,0,0,0,0,0,0,0,0,0.111111111,0,0.333333333,0.111111111,0,0.111111111,0.111111111,0.111111111,0.111111111,0,0,0
PMC6267271,EPFKLSLHL,1,Pore,+/-,9,1083.28,-0.076997194,0.090373479,-7.11E-05,25.55555556,0.111111111,130,0.297777778,6.84770031,0.133333333,0,0,0,0,0,0.111111111,0,0,0.111111111,0,0.333333333,0.111111111,0,0.111111111,0.111111111,0.111111111,0,0,0,0
PMC6267271,TPFKLSLH,1,Pore,+/-,8,942.1123,0.484371782,1.088598356,0.000514134,3.425,0.125,97.5,0.42,8.440732765,0.025,0,0,0,0,0,0,0,0,0.125,0,0.25,0.125,0,0.125,0.125,0.125,0.125,0,0,0
PMC6267271,VDKGSYLPRPTPPRPIYNRN,1,Intracellular targeting,,20,2340.6384,2.732082148,2.996424987,0.001167238,30.645,0.1,53.5,3.187,10.26692867,-1.395,0,0.15,0.1,0.05,0,0,0,0.05,0,0.05,0.05,0.05,0,0,0.25,0.05,0.05,0,0.1,0.05
PMC6267271,GFGCPFNQGACHRHCRSIGRRGGYCAGLFKQTCTCYSR,1,,,38,4199.7886,5.871997048,5.805941767,0.001398165,82.19473684,0.131578947,25.78947368,2.177631579,9.4269701,-0.473684211,0.052631579,0.131578947,0.026315789,0,0.157894737,0,0.052631579,0.184210526,0.052631579,0.026315789,0.026315789,0.026315789,0,0.078947368,0.026315789,0.052631579,0.052631579,0,0.052631579,0
PMC6267271,GIGAVLKVLTTGLPALISWIKRKRQQ,1,Pore,+/-,26,2847.4471,4.757084611,4.997092575,0.001670649,44.73076923,0.038461538,135,0.57,11.99996777,0.273076923,0.076923077,0.076923077,0,0,0,0,0.076923077,0.115384615,0,0.115384615,0.153846154,0.115384615,0,0,0.038461538,0.038461538,0.076923077,0.038461538,0,0.076923077
PMC6267271,AGALTINSDGTSGAVVKVPI,1,Inhibition of outer membrane protein synthesis,-,20,1870.1086,-0.204003652,-0.00186425,-0.000109087,0.71,0,117,-0.114,5.880357552,0.705,0.15,0,0.05,0.05,0,0,0,0.15,0,0.1,0.05,0.05,0,0,0.05,0.1,0.1,0,0,0.15
PMC6267271,DAHGALTLNSDGTSGAVVKVPFAGNDLNI,1,Inhibition of outer membrane protein synthesis,-,29,2854.0885,-2.150360916,-1.910062191,-0.000753432,15.95517241,0.034482759,97.5862069,0.774137931,4.413343239,0.144827586,0.137931034,0,0.103448276,0.103448276,0,0,0,0.137931034,0.034482759,0.034482759,0.103448276,0.034482759,0,0.034482759,0.034482759,0.068965517,0.068965517,0,0,0.103448276
PMC6267271,GGLKKLGKKLEGVGKRVFKASEKALPVAVGIKALG,1,"Pore, leaky membrane",+/-,35,3548.314,6.75772053,6.999170963,0.001904488,12.93714286,0.028571429,111.4285714,0.396,10.46916599,0.068571429,0.114285714,0.028571429,0,0,0,0.057142857,0,0.2,0,0.028571429,0.142857143,0.228571429,0,0.028571429,0.028571429,0.028571429,0,0,0,0.114285714
PMC6267271,KWKVFKKIEKMGRNIRNGIVKAGPAIAVLGEAKAL,1,"Pore, leaky membrane",+/-,35,3835.6542,6.758709531,6.999462685,0.001762075,35.42285714,0.057142857,106,0.956571429,10.72897358,-0.071428571,0.142857143,0.057142857,0.057142857,0,0,0.057142857,0,0.114285714,0,0.114285714,0.057142857,0.2,0.028571429,0.028571429,0.028571429,0,0,0.028571429,0,0.085714286
PMC6267271,KWKVFKKIEKMGRNIRNGIVKAGPKWKVFKKIEK,1,"Pore, leaky membrane",+/-,34,4114.049,10.75471353,10.99828255,0.002614143,36.23235294,0.117647059,74.41176471,2.011470588,10.929986,-0.9,0.029411765,0.058823529,0.058823529,0,0,0.058823529,0,0.088235294,0,0.117647059,0,0.323529412,0.029411765,0.058823529,0.029411765,0,0,0.058823529,0,0.088235294
PMC6267271,AIAVLGEAKALMGRNIRNGIVKAGPAIAVLGEAKAL,1,"Pore, leaky membrane",+/-,36,3557.2594,2.798478509,3.000642821,0.000786695,20.25277778,0,135.8333333,-0.039722222,10.27827511,0.711111111,0.25,0.055555556,0.055555556,0,0,0.055555556,0,0.138888889,0,0.111111111,0.111111111,0.083333333,0.027777778,0,0.027777778,0,0,0,0,0.083333333
PMC6267271,GWLKKLGKRIERIGQHTRDATIQGLGIAQQAANVAATAR,1,"Pore, leaky membrane",+/-,39,4198.7927,4.848170023,5.09021665,0.001154658,29.99487179,0.025641026,95.38461538,1.919230769,11.56757832,-0.415384615,0.179487179,0.102564103,0.025641026,0.025641026,0,0.025641026,0.102564103,0.128205128,0.025641026,0.102564103,0.076923077,0.076923077,0,0,0,0,0.076923077,0.025641026,0,0.025641026
PMC6267271,WNPFKELEKVGQRVRDAVISAGPAVATVAQATALAK,1,"Pore, leaky membrane",+/-,36,3793.3328,1.763826296,2.001089305,0.000464981,14.15833333,0.055555556,95,1.068333333,9.69664135,0.041666667,0.222222222,0.055555556,0.027777778,0.027777778,0,0.055555556,0.055555556,0.055555556,0,0.027777778,0.055555556,0.083333333,0,0.027777778,0.055555556,0.027777778,0.055555556,0.027777778,0,0.138888889
PMC6267271,SWLSKTAKKLENSAKKRISEGIAIAIQGGPR,1,"Pore, leaky membrane",+/-,31,3338.8573,4.460752378,5.000052753,0.001336012,26.45806452,0.032258065,88.38709677,1.859677419,10.56470814,-0.558064516,0.129032258,0.064516129,0.032258065,0,0,0.064516129,0.032258065,0.096774194,0,0.129032258,0.064516129,0.161290323,0,0,0.032258065,0.129032258,0.032258065,0.032258065,0,0
PMC3709787,KSSAYSLQMGATAIKQVKKLFKKWGW,1,Carpet,+/-,26,2985.5462,5.753108607,5.995363682,0.001926987,19.82692308,0.153846154,67.69230769,0.815,10.39831524,-0.423076923,0.115384615,0,0,0,0,0,0.076923077,0.076923077,0,0.038461538,0.076923077,0.230769231,0.038461538,0.038461538,0,0.115384615,0.038461538,0.076923077,0.038461538,0.038461538
PMC3709787,YSLQMGATAIKQVKKLFKKKGG,1,Carpet,+,22,2424.9452,5.753108607,5.995363682,0.00237247,13.71363636,0.090909091,75.45454545,0.905454545,10.39831524,-0.445454545,0.090909091,0,0,0,0,0,0.090909091,0.136363636,0,0.045454545,0.090909091,0.272727273,0.045454545,0.045454545,0,0.045454545,0.045454545,0,0.045454545,0.045454545
PMC3709787,SSLQMGATAIKQVKKLFKKKGG,1,Carpet,+,22,2348.8493,5.454152453,5.996214096,0.002322053,22.46818182,0.045454545,75.45454545,1.053636364,10.69906025,-0.422727273,0.090909091,0,0,0,0,0,0.090909091,0.136363636,0,0.045454545,0.090909091,0.272727273,0.045454545,0.045454545,0,0.090909091,0.045454545,0,0,0.045454545
PMC3709787,YSLQMGATAIKQVKKLWKKKGG,1,Carpet,+,22,2463.9813,5.753108607,5.995363682,0.002334883,31.30909091,0.090909091,75.45454545,0.935,10.39831524,-0.613636364,0.090909091,0,0,0,0,0,0.090909091,0.136363636,0,0.045454545,0.090909091,0.272727273,0.045454545,0,0,0.045454545,0.045454545,0.045454545,0.045454545,0.045454545
PMC3709787,SSLQMGATAIKQVKKLWKKKGG,1,Carpet,+,22,2387.8854,5.454152453,5.996214096,0.002284093,40.06363636,0.045454545,75.45454545,1.083181818,10.69906025,-0.590909091,0.090909091,0,0,0,0,0,0.090909091,0.136363636,0,0.045454545,0.090909091,0.272727273,0.045454545,0,0,0.090909091,0.045454545,0.045454545,0,0.045454545
PMC7719739,MTPLWRIMLLFKPHALCQNNY,1,Pore,-,21,2590.139,1.575619884,2.025769915,0.000608315,5.09047619,0.142857143,97.61904762,0.426666667,9.303964424,0.114285714,0.047619048,0.047619048,0.095238095,0,0.047619048,0,0.047619048,0,0.047619048,0.047619048,0.19047619,0.047619048,0.095238095,0.047619048,0.095238095,0,0.047619048,0.047619048,0.047619048,0
PMC8472000,RLKWVRIWRR,1,Pore,+/-,10,1468.7964,4.759062614,4.99767602,0.00324011,49.3,0.2,107,4.669,11.99996777,-1.12,0,0.4,0,0,0,0,0,0,0,0.1,0.1,0.1,0,0,0,0,0,0.2,0,0.1
PMC8472000,VRLIVKVRIWRR,1,Pore,+/-,12,1594.0061,4.732949389,4.99767602,0.002969217,40.35,0.083333333,170,3.001666667,11.99996777,0.216666667,0,0.333333333,0,0,0,0,0,0,0,0.166666667,0.083333333,0.083333333,0,0,0,0,0,0.083333333,0,0.25
PMC7730630,PMKKKLAARILAKIVAPVW,1,Fusion of vesicles,-,19,2133.7305,4.954522864,4.996800853,0.002322,22.51052632,0.052631579,133.6842105,-0.134736842,11.33504086,0.521052632,0.210526316,0.052631579,0,0,0,0,0,0,0,0.105263158,0.105263158,0.210526316,0.052631579,0,0.105263158,0,0,0.052631579,0,0.105263158
PMC8001998,VNWKKILGKIIKVVK,1,Non-lytic membrane permeabilization,,15,1766.264,4.728993385,4.99650913,0.002677399,-14.96,0.066666667,162,-0.045333333,10.60242214,0.373333333,0,0,0.066666667,0,0,0,0,0.066666667,0,0.2,0.066666667,0.333333333,0,0,0,0,0,0.066666667,0,0.2
PMC8012516,VQWRIRVAVIRK,1,"Non-lytic membrane disruption, inhibition of outer membrane protein synthesis",,12,1523.8699,3.732959389,3.997679332,0.002449658,9.166666667,0.083333333,145.8333333,2.479166667,11.99996777,0.133333333,0.083333333,0.25,0,0,0,0,0.083333333,0,0,0.166666667,0,0.083333333,0,0,0,0,0,0.083333333,0,0.25
PMC11302733,GFLDIVKGVGKVALGAVSKLF,1,Pore,+/-,21,2118.5599,1.758225372,1.997545682,0.000829915,-20.14761905,0.095238095,139.047619,-0.971904762,9.70302372,1.157142857,0.095238095,0,0,0.047619048,0,0,0,0.19047619,0,0.047619048,0.142857143,0.142857143,0,0.095238095,0,0.047619048,0,0,0,0.19047619
PMC11302733,GFLDVIKHVGKAALSVVSHLINE,1,Pore,+/-,23,2446.8413,-0.058379509,0.18143402,-2.39E-05,-1.508695652,0.043478261,143.9130435,0.006521739,6.928980064,0.717391304,0.086956522,0,0.043478261,0.043478261,0,0.043478261,0,0.086956522,0.086956522,0.086956522,0.130434783,0.086956522,0,0.043478261,0,0.086956522,0,0,0,0.173913043
PMC11302733,GFLDVLKGVGKAALGAVTHLINQ,1,Pore,+/-,23,2321.716,0.846398561,1.088749807,0.000364557,-15.86086957,0.043478261,135.6521739,-0.42,8.598357964,0.726086957,0.130434783,0,0.043478261,0.043478261,0,0,0.043478261,0.173913043,0.043478261,0.043478261,0.173913043,0.086956522,0,0.043478261,0,0,0.043478261,0,0,0.130434783
PMC11302733,ASWKVFLKNIGKAAGKAVLNSVTDMVNQ,1,Pore,+/-,28,2990.4781,2.792999345,2.997250648,0.000933964,7.482142857,0.071428571,97.5,0.644642857,10.00170574,0.132142857,0.142857143,0,0.107142857,0.035714286,0,0,0.035714286,0.071428571,0,0.035714286,0.071428571,0.142857143,0.035714286,0.035714286,0,0.071428571,0.035714286,0.035714286,0,0.142857143
PMC11302733,GFLDTLKNIGKTVGRIALNVLT,1,Pore,+/-,22,2343.7631,1.759214373,1.997837405,0.000750594,11.10909091,0.045454545,137.2727273,0.478181818,9.994291878,0.504545455,0.045454545,0.045454545,0.090909091,0.045454545,0,0,0,0.136363636,0,0.090909091,0.181818182,0.090909091,0,0.045454545,0,0,0.136363636,0,0,0.090909091
PMC7795306,GSKKPVPIIYCNRRSGKCQRM,1,Pore,-,21,2421.9099,5.73627363,5.872289418,0.002368492,64.84285714,0.047619048,50.95238095,2.85047619,10.46665173,-0.904761905,0,0.142857143,0.047619048,0,0.095238095,0,0.047619048,0.095238095,0,0.095238095,0,0.142857143,0.047619048,0,0.095238095,0.095238095,0,0,0.047619048,0.047619048
PMC7795306,GSKKPVPIIYCNRRTGKCQRM,1,Pore,-,21,2435.9365,5.73627363,5.872289418,0.002354854,39.87619048,0.047619048,50.95238095,2.810952381,10.46665173,-0.9,0,0.142857143,0.047619048,0,0.095238095,0,0.047619048,0.095238095,0,0.095238095,0,0.142857143,0.047619048,0,0.095238095,0.047619048,0.047619048,0,0.047619048,0.047619048
PMC7913509,IYNCRRRFCKQRC,1,Carpet,+/-,13,1746.0955,4.728360642,4.810901458,0.002707962,113.3230769,0.153846154,30,5.062307692,10.13444614,-1.184615385,0,0.307692308,0.076923077,0,0.230769231,0,0.076923077,0,0,0.076923077,0,0.076923077,0,0.076923077,0,0,0,0,0.076923077,0
PMC8125054,IWSFLIKAATKLLPSLFGGGKKDS,1,Pore,-,24,2578.0557,2.757226371,2.997250648,0.001069498,33.32916667,0.125,105.8333333,-0.023333333,10.0013834,0.3125,0.083333333,0,0,0.041666667,0,0,0,0.125,0,0.083333333,0.166666667,0.166666667,0,0.083333333,0.041666667,0.125,0.041666667,0.041666667,0,0
PMC8125054,GVWDWIKKTAGKIWNSEPVKALKSQALNAAKNFVAEKIGATPS,1,Pore,-,43,4654.3276,3.759850292,3.999915792,0.000807818,19.02093023,0.093023256,81.86046512,0.925813953,9.87612133,-0.31627907,0.162790698,0,0.069767442,0.023255814,0,0.046511628,0.023255814,0.069767442,0,0.069767442,0.046511628,0.162790698,0,0.023255814,0.046511628,0.069767442,0.046511628,0.069767442,0,0.069767442
PMC7888259,VCVLAHHFGKEFTPPVQAAYQKVVAGVANALAHKYH,1,,,36,3902.4847,2.07059961,2.29883514,0.000530585,16.01944444,0.111111111,89.44444444,0.188888889,9.046542168,0.213888889,0.194444444,0,0.027777778,0,0.027777778,0.027777778,0.055555556,0.055555556,0.111111111,0,0.055555556,0.083333333,0,0.055555556,0.055555556,0,0.027777778,0,0.055555556,0.166666667
PMC7888259,AHHFGKEFTPPVQAAYQKVVAGVANALAHKYH,1,,,32,3487.9222,2.142386798,2.360809856,0.00061423,19.128125,0.125,70.3125,0.65875,9.406855965,-0.21875,0.21875,0,0.03125,0,0,0.03125,0.0625,0.0625,0.125,0,0.03125,0.09375,0,0.0625,0.0625,0,0.03125,0,0.0625,0.125
PMC7888259,MVHLTPEEKSAVTALWGKVNV,1,,,21,2309.6823,-0.408848202,0.091853568,-0.000177015,27.53333333,0.047619048,101.9047619,0.443809524,6.511270332,0.157142857,0.095238095,0,0.047619048,0,0,0.095238095,0,0.047619048,0.047619048,0,0.095238095,0.095238095,0.047619048,0,0.047619048,0.047619048,0.095238095,0.047619048,0,0.19047619
PMC7888259,AHLPAEFTPAVHA,1,,,13,1360.5162,-1.026966574,-0.818422396,-0.000754836,47.14615385,0.076923077,83.07692308,-0.036923077,5.986589622,0.323076923,0.307692308,0,0,0,0,0.076923077,0,0,0.153846154,0,0.076923077,0,0,0.076923077,0.153846154,0,0.076923077,0,0,0.076923077
PMC7888259,SFPTTKTYFPHFDLSHGSAQVK,1,,,22,2495.7415,0.632618594,1.178808483,0.000253479,18.5,0.181818182,35.45454545,1.458181818,8.266539192,-0.563636364,0.045454545,0,0,0.045454545,0,0,0.045454545,0.045454545,0.090909091,0,0.045454545,0.090909091,0,0.136363636,0.090909091,0.136363636,0.136363636,0,0.045454545,0.045454545
PMC7554977,KKWRKWLAKK,1,Pore,+/-,10,1371.7178,5.755096609,5.996505819,0.00419554,21.34,0.2,49,3.128,11.38842068,-2.02,0.1,0.1,0,0,0,0,0,0,0,0,0.1,0.5,0,0,0,0,0,0.2,0,0
PMC7554977,KKWRKWLAKKN,1,Pore,+/-,11,1485.8204,5.755096609,5.996505819,0.003873346,20.30909091,0.181818182,44.54545455,3.447272727,11.38842068,-2.154545455,0.090909091,0.090909091,0.090909091,0,0,0,0,0,0,0,0.090909091,0.454545455,0,0,0,0,0,0.181818182,0,0
PMC7554977,AKRHHGYKRKFH,1,Pore,+/-,12,1564.7977,5.053381149,5.268969434,0.003229415,63.83333333,0.166666667,8.333333333,4.573333333,11.16613369,-2.283333333,0.083333333,0.166666667,0,0,0,0,0,0.083333333,0.25,0,0,0.25,0,0.083333333,0,0,0,0,0.083333333,0
PMC7554977,KRIVQRIKDFLR,1,Pore,+/-,12,1571.9112,3.759194373,3.997830782,0.00239148,31.95,0.083333333,121.6666667,4.028333333,11.72301159,-0.708333333,0,0.25,0,0.083333333,0,0,0.083333333,0,0,0.166666667,0.083333333,0.166666667,0,0.083333333,0,0,0,0,0,0.083333333
PMC10812719,AHSIIYGVRGRGRI,1,Pore,+/-,14,1554.7978,2.882019775,3.088033042,0.00185363,-14.97142857,0.071428571,111.4285714,2.109285714,11.71140728,-0.035714286,0.071428571,0.214285714,0,0,0,0,0,0.214285714,0.071428571,0.214285714,0,0,0,0,0,0.071428571,0,0,0.071428571,0.071428571
PMC5628310,FVPYNPPRPGQSKPFPSFPGHGPFNPKIQWPYPLPNPGH,1,Pore,-,39,4394.9455,2.930443987,3.177508274,0.000666776,57.7025641,0.179487179,27.43589744,1.064871795,9.997192955,-1.025641026,0,0.025641026,0.076923077,0,0,0,0.051282051,0.102564103,0.051282051,0.025641026,0.025641026,0.051282051,0,0.102564103,0.333333333,0.051282051,0,0.025641026,0.051282051,0.025641026
PMC4096598,FWGALAKGALKLIPSLFSSFSKKD,1,Pore,,24,2612.0719,2.760407273,2.997250648,0.001056788,2.425,0.166666667,93.75,0.055833333,10.0013834,0.329166667,0.125,0,0,0.041666667,0,0,0,0.083333333,0,0.041666667,0.166666667,0.166666667,0,0.125,0.041666667,0.166666667,0,0.041666667,0,0
PMC4096598,RWVSVNGKWISQ,1,,,12,1459.6504,1.759092613,1.997685954,0.001205147,46.275,0.166666667,80.83333333,1.7375,11.00083675,-0.525,0,0.083333333,0.083333333,0,0,0,0.083333333,0.083333333,0,0.083333333,0,0.083333333,0,0,0,0.166666667,0,0.166666667,0,0.166666667
PMC7695215,GIGAVLKVLTTGLPALISWIKRKRQQ,1,Pore,,26,2847.4471,4.757084611,4.997092575,0.001670649,44.73076923,0.038461538,135,0.57,11.99996777,0.273076923,0.076923077,0.076923077,0,0,0,0,0.076923077,0.115384615,0,0.115384615,0.153846154,0.115384615,0,0,0.038461538,0.038461538,0.076923077,0.038461538,0,0.076923077
PMC4745983,PRPRPPRRIYNR,1,Pore,+/-,12,1577.838,4.957479867,4.997117329,0.003141945,86.2,0.083333333,32.5,6.371666667,11.99996777,-2.433333333,0,0.416666667,0.083333333,0,0,0,0,0,0,0.083333333,0,0,0,0,0.333333333,0,0,0,0.083333333,0
PMC7098557,ALYKKFKKKLLKSLKRLG,1,Membrane disruption (lipid peroxidation-induced lysis),+,18,2162.7486,7.78787258,7.995065337,0.003600914,5.055555556,0.111111111,113.8888889,1.498888889,10.81568356,-0.594444444,0.055555556,0.055555556,0,0,0,0,0,0.055555556,0,0,0.277777778,0.388888889,0,0.055555556,0,0.055555556,0,0,0.055555556,0
PMC7379261,NKVKEWIKYLKSLFS,1,Membrane permeability,+,15,1883.2364,2.757917071,2.997728873,0.001464456,-3.8,0.2,97.33333333,1.232,9.825642586,-0.486666667,0,0,0.066666667,0,0,0.066666667,0,0,0,0.066666667,0.133333333,0.266666667,0,0.066666667,0,0.133333333,0,0.066666667,0.066666667,0.066666667
PMC8069920,KKLFKKILKYL,1,Pore,-,11,1421.8542,4.754107608,4.995658716,0.003343597,-10.21818182,0.181818182,141.8181818,0.475454545,10.30154819,-0.190909091,0,0,0,0,0,0,0,0,0,0.090909091,0.272727273,0.454545455,0,0.090909091,0,0,0,0,0.090909091,0
PMC8069920,RRLFRRILRWL,1,Pore,-,11,1584.9579,4.760051615,4.997967743,0.003003267,211.5454545,0.181818182,141.8181818,4.51,11.99996777,-0.427272727,0,0.454545455,0,0,0,0,0,0,0,0.090909091,0.272727273,0,0,0.090909091,0,0,0,0.090909091,0,0
PMC8069920,KWKLFKKIGAVLKVL,1,Pore,-,15,1771.2821,4.755106609,4.99650913,0.002684556,-28.98666667,0.133333333,149.3333333,-0.538,10.60248661,0.54,0.066666667,0,0,0,0,0,0,0.066666667,0,0.066666667,0.2,0.333333333,0,0.066666667,0,0,0,0.066666667,0,0.133333333
PMC8069920,KKLLKWLLKLL,1,Pore,-,11,1395.86,3.75610561,3.996804164,0.00269089,-10.56363636,0.090909091,212.7272727,-0.877272727,10.47774029,0.572727273,0,0,0,0,0,0,0,0,0,0,0.545454545,0.363636364,0,0,0,0,0,0.090909091,0,0
PMC8069920,FKLRAKIKVRLRAKIKL,1,Pore,-,17,2081.6825,7.755076609,7.996499196,0.003725389,-11.72941176,0.058823529,143.5294118,2.192352941,11.99996777,-0.117647059,0.117647059,0.176470588,0,0,0,0,0,0,0,0.117647059,0.176470588,0.294117647,0,0.058823529,0,0,0,0,0,0.058823529
PMC8069920,LLLFLLKKRKKRKY,1,Pore,-,14,1847.3832,6.754087608,6.995652093,0.00365603,49.79285714,0.142857143,139.2857143,2.153571429,11.26373882,-0.571428571,0,0.142857143,0,0,0,0,0,0,0,0,0.357142857,0.357142857,0,0.071428571,0,0,0,0,0.071428571,0
PMC8123395,FLPLIAGLFGKIF,1,Pore,,13,1435.7927,0.759102613,0.997689266,0.000528699,10.98461538,0.230769231,157.6923077,-2.436923077,8.750052071,1.869230769,0.076923077,0,0,0,0,0,0,0.153846154,0,0.153846154,0.230769231,0.076923077,0,0.230769231,0.076923077,0,0,0,0,0
PMC6053492,VQLIGFGNFEVR,1,"Pore, biofilm",+/-,12,1378.5742,-0.263211148,-0.000243889,-0.00019093,-10.43333333,0.166666667,113.3333333,0.679166667,5.972209358,0.541666667,0,0.083333333,0.083333333,0,0,0.083333333,0.083333333,0.166666667,0,0.083333333,0.083333333,0,0,0.166666667,0,0,0,0,0,0.166666667
PMC8382640,GILDTLKQFAKGVGKDLVKGAAQGVLSTVSCKLAKTC,1,Pore,+,37,3749.4459,3.73654715,3.873157633,0.00099656,4.9,0.027027027,105.4054054,0.355945946,9.514389229,0.32972973,0.108108108,0,0,0.054054054,0.054054054,0,0.054054054,0.135135135,0,0.027027027,0.135135135,0.162162162,0,0.027027027,0,0.054054054,0.081081081,0,0,0.108108108
PMC7597731,CPSHLIKVGS,1,,+/-,10,1040.2371,0.836375811,1.026623641,0.000804024,22.05,0,107,0.091,8.231146049,0.43,0,0,0,0,0.1,0,0,0.1,0.1,0.1,0.1,0.1,0,0,0.1,0.2,0,0,0,0.1
PMC7286473,FIHHIIGGLFSVGKHIHSLIHGH,1,Membrane disruption,+/-,23,2556.965,1.282147743,1.543143811,0.000501433,57.34347826,0.086956522,131.3043478,-0.343043478,8.789958,0.591304348,0,0,0,0,0,0,0,0.173913043,0.260869565,0.217391304,0.086956522,0.043478261,0,0.086956522,0,0.086956522,0,0,0,0.043478261
PMC7369893,KKWRKWLAKKN,1,Membrane permeability,+/-,11,1485.8204,5.755096609,5.996505819,0.003873346,20.30909091,0.181818182,44.54545455,3.447272727,11.38842068,-2.154545455,0.090909091,0.090909091,0.090909091,0,0,0,0,0,0,0,0.090909091,0.454545455,0,0,0,0,0,0.181818182,0,0
PMC7369893,CHYRIKPTFRRLKWKYKGKFWC,1,Membrane permeability,+/-,22,2945.5584,7.820450816,7.961758027,0.002654998,49.43181818,0.272727273,35.45454545,2.548181818,10.39934673,-1.109090909,0,0.136363636,0,0,0.090909091,0,0,0.045454545,0.045454545,0.045454545,0.045454545,0.227272727,0,0.090909091,0.045454545,0,0.045454545,0.090909091,0.090909091,0
PMC7369893,AKRHHGYKRKFH,1,Membrane permeability,+/-,12,1564.7977,5.053381149,5.268969434,0.003229415,63.83333333,0.166666667,8.333333333,4.573333333,11.16613369,-2.283333333,0.083333333,0.166666667,0,0,0,0,0,0.083333333,0.25,0,0,0.25,0,0.083333333,0,0,0,0,0.083333333,0
PMC7432809,GKKPGGWKCK,1,Membrane disruption,+/-,10,1088.3264,3.74620462,3.934829448,0.00344217,17.65,0.1,0,1.577,10.03774357,-1.68,0,0,0,0,0.1,0,0,0.3,0,0,0,0.4,0,0,0.1,0,0,0.1,0,0
PMC7381244,PTRFGGPPQTCSSDSSCTNNYTDK,1,"Non-lytic, target symbiont recruitment ",+,24,2563.6883,-0.061039593,-0.126220924,-2.38E-05,68.67916667,0.083333333,0,3.055416667,6.299033546,-1.291666667,0,0.041666667,0.083333333,0.083333333,0.083333333,0,0.041666667,0.083333333,0,0,0,0.041666667,0,0.041666667,0.125,0.166666667,0.166666667,0,0.041666667,0
PMC9607800,IWSFLIKAATKLLPSLFGGGKKDS,1,Pore,,24,2578.0557,2.757226371,2.997250648,0.001069498,33.32916667,0.125,105.8333333,-0.023333333,10.0013834,0.3125,0.083333333,0,0,0.041666667,0,0,0,0.125,0,0.083333333,0.166666667,0.166666667,0,0.083333333,0.041666667,0.125,0.041666667,0.041666667,0,0
PMC8038955,IWKSCCKLEPTLKNARIVGELTGFRPVRPQVRL,1,,+/-,33,3809.5541,4.742883555,4.876686766,0.001244997,31.32424242,0.060606061,100.3030303,1.741515152,10.31063824,-0.181818182,0.03030303,0.121212121,0.03030303,0,0.060606061,0.060606061,0.03030303,0.060606061,0,0.060606061,0.121212121,0.090909091,0,0.03030303,0.090909091,0.03030303,0.060606061,0.03030303,0,0.090909091
PMC8038955,IWEGCCKLEPTLKNARIIGERTGFRPVRPQIRL,1,,+/-,33,3851.5511,3.746683018,3.878753612,0.000972773,28.87575758,0.060606061,94.54545455,2.196060606,10.08306484,-0.390909091,0.03030303,0.151515152,0.03030303,0,0.060606061,0.090909091,0.03030303,0.090909091,0,0.121212121,0.090909091,0.060606061,0,0.03030303,0.090909091,0,0.060606061,0.03030303,0,0.03030303
PMC8038955,AANLFGKILEEKKLSRLPPSHL,1,,+/-,22,2461.8993,1.885662697,2.091555223,0.000765938,56.55909091,0.045454545,115.4545455,1.192272727,9.700831795,-0.236363636,0.090909091,0.045454545,0.045454545,0,0,0.090909091,0,0.045454545,0.045454545,0.045454545,0.227272727,0.136363636,0,0.045454545,0.090909091,0.090909091,0,0,0,0
PMC8038955,GLTIHWGCAMEAANLFGKILEEKKLSRLPPSHL,1,,+/-,33,3661.301,0.929973384,1.122264721,0.000254001,40.76363636,0.060606061,103.6363636,0.62969697,8.19323864,0.006060606,0.090909091,0.03030303,0.03030303,0,0.03030303,0.090909091,0,0.090909091,0.060606061,0.060606061,0.181818182,0.090909091,0.03030303,0.03030303,0.060606061,0.060606061,0.03030303,0.03030303,0,0
PMC8038955,LKNARIVGELTGFRPVRPQVRLE,1,,+/-,23,2649.1022,2.769920817,3.001226266,0.001045607,21.73913043,0.043478261,110,2.396956522,11.53901882,-0.326086957,0.043478261,0.173913043,0.043478261,0,0,0.086956522,0.043478261,0.086956522,0,0.043478261,0.130434783,0.043478261,0,0.043478261,0.086956522,0,0.043478261,0,0,0.130434783
PMC8038955,EAANLGGKILEEKKLSRLPPSHL,1,,+/-,23,2500.8908,0.926615728,1.093330346,0.000370514,59.9,0,110.4347826,1.525217391,8.598293495,-0.517391304,0.086956522,0.043478261,0.043478261,0,0,0.130434783,0,0.086956522,0.043478261,0.043478261,0.217391304,0.130434783,0,0,0.086956522,0.086956522,0,0,0,0
PMC8038955,TIHWGCAMEAANLFGKILEEKKLSRLPPSHL,1,,+/-,31,3491.0921,0.568068364,1.122264721,0.000162719,42.7483871,0.064516129,97.74193548,0.859354839,7.910093498,-0.103225806,0.096774194,0.032258065,0.032258065,0,0.032258065,0.096774194,0,0.064516129,0.064516129,0.064516129,0.161290323,0.096774194,0.032258065,0.032258065,0.064516129,0.064516129,0.032258065,0.032258065,0,0
PMC7168298,VGALAVVVWLWLWLWG,1,Pore,+,16,1868.2677,-0.26601161,-0.002015701,-0.000142384,59.81875,0.25,182.5,-3.16625,5.494989204,1.95,0.125,0,0,0,0,0,0,0.125,0,0,0.25,0,0,0,0,0,0,0.25,0,0.25
PMC7168298,KWKLFKKIEKVGQNIRDGIIKAGPAVAVVGQATQIAK,1,Pore,-,37,4004.7658,5.75702983,5.998137358,0.001437545,16.52432432,0.054054054,108.1081081,0.846756757,10.39103031,-0.072972973,0.135135135,0.027027027,0.027027027,0.027027027,0,0.027027027,0.081081081,0.108108108,0,0.135135135,0.027027027,0.189189189,0,0.027027027,0.027027027,0,0.027027027,0.027027027,0,0.108108108
PMC7168298,GIGKFLHSAKKFGKAFVGEIMNS,1,Pore,-,23,2466.8972,2.84609026,3.089488378,0.001153713,-0.104347826,0.130434783,72.17391304,0.419130435,10.0013834,0.082608696,0.086956522,0,0.043478261,0,0,0.043478261,0,0.173913043,0.043478261,0.086956522,0.043478261,0.173913043,0.043478261,0.130434783,0,0.086956522,0,0,0,0.043478261
PMC7168298,GIGAVLKVLTTGLPALISWIKRKRQQ,1,Pore,+,26,2847.4471,4.757084611,4.997092575,0.001670649,44.73076923,0.038461538,135,0.57,11.99996777,0.273076923,0.076923077,0.076923077,0,0,0,0,0.076923077,0.115384615,0,0.115384615,0.153846154,0.115384615,0,0,0.038461538,0.038461538,0.076923077,0.038461538,0,0.076923077
PMC7559477,DSHAKRHHGYKRKFHEKHHSHRGY,1,Electrostatic interaction membrane disruption,,24,3036.2934,5.368228149,5.633678645,0.00176802,37.86666667,0.125,4.166666667,4.813333333,10.28336811,-2.454166667,0.041666667,0.125,0,0.041666667,0,0.041666667,0,0.083333333,0.291666667,0,0,0.166666667,0,0.041666667,0,0.083333333,0,0,0.083333333,0
PMC7559477,AKRHHGYKRKFH,1,Electrostatic interaction membrane disruption,,12,1564.7977,5.053381149,5.268969434,0.003229415,63.83333333,0.166666667,8.333333333,4.573333333,11.16613369,-2.283333333,0.083333333,0.166666667,0,0,0,0,0,0.083333333,0.25,0,0,0.25,0,0.083333333,0,0,0,0,0.083333333,0
PMC7559477,QQQAKRHHGYKRKFQQQQQSHRGY,1,Electrostatic interaction membrane disruption,,24,3053.3188,6.016599174,6.268115708,0.001970511,96.3,0.125,4.166666667,4.863333333,11.12229519,-2.6,0.041666667,0.125,0,0,0,0,0.333333333,0.083333333,0.125,0,0,0.125,0,0.041666667,0,0.041666667,0,0,0.083333333,0
PMC5121426,GLFGVLAKVAAHVVPAIAEHF,1,Pore,+,21,2146.5319,-0.063738548,0.18128257,-2.97E-05,11.25238095,0.095238095,134.7619048,-1.244285714,6.920852089,1.3,0.238095238,0,0,0,0,0.047619048,0,0.095238095,0.095238095,0.047619048,0.095238095,0.047619048,0,0.095238095,0.047619048,0,0,0,0,0.19047619
PMC7915578,FIHHIIGGLFSAGKAIHRLIRRRRR,1,"Carpet, membrane micelle formation",-,25,2981.5575,7.020565179,7.27039667,0.002354664,130.236,0.08,117.2,2.6244,11.99996777,-0.128,0.08,0.24,0,0,0,0,0,0.12,0.12,0.2,0.08,0.04,0,0.08,0,0.04,0,0,0,0
PMC11336422,RRRRRRRRRRRR,1,Pore,+/-,12,1892.2437,11.75998162,11.99794456,0.006214835,534.2333333,0,0,14.92,11.99996777,-4.5,0,1,0,0,0,0,0,0,0,0,0,0,0,0,0,0,0,0,0,0
PMC9786851,SGWLPGREWVWRWRGRVF,1,Pore,-,18,2330.6515,2.462916922,2.999746177,0.00105675,47.89444444,0.277777778,53.88888889,2.320555556,11.99996777,-0.761111111,0,0.222222222,0,0,0,0.055555556,0,0.166666667,0,0,0.055555556,0,0,0.055555556,0.055555556,0.055555556,0,0.222222222,0,0.111111111